"samp_name","occurrenceID","samp_collec_method","target_gene","url","DNA_sequence","pcr_primer_name_forward","pcr_primer_name_reverse"
"FSH.BIGC.04.20190423.1.0016.DNA","23979ffe-ecef-4846-b9fd-e4f1db95a169","fin clip","Cytochrome Oxidase Subunit 1 5' Region","https://www.boldsystems.org/index.php/Public_RecordView?processid=FSHN586-20","","C_FishF1t1","C_FishR1t1"
"FSH.BIGC.04.20191022.1.0014.DNA","5fb49ce0-5ca6-4751-a7c7-0734c44487e1","fin clip","Cytochrome Oxidase Subunit 1 5' Region","https://www.boldsystems.org/index.php/Public_RecordView?processid=FSHN587-20","","C_FishF1t1","C_FishR1t1"
"FSH.BIGC.04.20191022.1.0015.DNA","ffff47ee-26c4-458c-ba0b-4c53778d7389","fin clip","Cytochrome Oxidase Subunit 1 5' Region","https://www.boldsystems.org/index.php/Public_RecordView?processid=FSHN588-20","","C_FishF1t1","C_FishR1t1"
"FSH.BIGC.04.20191022.1.0016.DNA","f861ae28-e1a5-473b-ba7b-88740dc62a1d","fin clip","Cytochrome Oxidase Subunit 1 5' Region","https://www.boldsystems.org/index.php/Public_RecordView?processid=FSHN589-20","","C_FishF1t1","C_FishR1t1"
"FSH.BIGC.04.20191022.1.0026.DNA","9c72ada0-0e23-46a1-9f5f-1daf8d179440","fin clip","Cytochrome Oxidase Subunit 1 5' Region","https://www.boldsystems.org/index.php/Public_RecordView?processid=FSHN590-20","","C_FishF1t1","C_FishR1t1"
"FSH.BIGC.04.20191022.1.0034.DNA","5d8d3312-8131-4baa-ac07-3fd9e5ce31c3","fin clip","Cytochrome Oxidase Subunit 1 5' Region","https://www.boldsystems.org/index.php/Public_RecordView?processid=FSHN591-20","","C_FishF1t1","C_FishR1t1"
"FSH.BIGC.04.20191022.1.0046.DNA","c4f811c7-69a8-41dc-ad03-ab8e59c0facc","fin clip","Cytochrome Oxidase Subunit 1 5' Region","https://www.boldsystems.org/index.php/Public_RecordView?processid=FSHN592-20","CCTCTATTTAGTATTTGGTGCCTGAGCCGGGATAGTCGGCACCGCCCTAAGTCTCTTGATTCGGGCAGAACTCAGCCAACCCGGCGCCCTCCTAGGGGATGACCAGATTTATAACGTAATTGTTACAGCCCATGCCTTCGTAATAATTTTCTTTATAGTCATACCAATTATGATCGGCGGCTTTGGAAACTGATTAATCCCTCTCATAATCGGAGCCCCCGACATAGCATTCCCCCGAATGAATAACATAAGCTTCTGACTCCTCCCTCCGTCCTTTCTTCTCCTCCTAGCCTCGTCTGGAGTTGAAGCCGGCGCTGGCACAGGATGAACAGTCTACCCCCCTCTAGCCGGCAATCTTGCCCACGCAGGAGCTTCCGTTGACTTAACTATTTTCTCCCTCCATTTAGCTGGTATTTCCTCAATTTTGGGGGCCATTAATTTTATTACGACCATTATTAACATAAAACCCCCAGCCATCTCCCAATATCAAACTCCACTTTTTGTTTGGGCCGTGTTAGTCACCGCCGTCCTCTTATTACTCTCCCTCCCTGTTTTAGCAGCAGGCATTACTATGCTACTCACAGACCGAAATCTTAATACCACTTTCTTTGACCCGGCAGGCGGAGGGGATCCAATCTTATACCAACACCTC","C_FishF1t1","C_FishR1t1"
"FSH.BIGC.04.20191022.1.0054.DNA","5e8a5f54-fc51-42c3-a0dd-2a10d8c3e801","fin clip","Cytochrome Oxidase Subunit 1 5' Region","https://www.boldsystems.org/index.php/Public_RecordView?processid=FSHN593-20","CCTCTATTTAGTATTTGGTGCCTGAGCCGGGATAGTAGGTACCGCCCTGAGTCTACTGATTCGGGCGGAACTAAGCCAGCCGGGCGCTCTTCTGGGGGATGACCAAATCTATAACGTGATCGTCACAGCCCATGCCTTCGTTATGATTTTCTTTATAGTCATACCAATTATAATCGGGGGCTTTGGAAACTGATTAATTCCCCTAATAATCGGAGCCCCTGATATGGCATTCCCTCGAATAAATAACATAAGCTTCTGACTCCTTCCTCCATCCTTTCTCCTCCTCCTGTCTTCATCAGGAGTTGAAGCCGGCGCGGGTACTGGATGAACAGTATACCCCCCTCTAGCCGGCAACCTCGCCCACGCAGGAGCCTCTGTTGATTTAACTATCTTCTCCCTTCATTTAGCTGGAATCTCCTCAATTTTAGGAGCCATTAATTTTATTACGACCATTATTAACATAAAACCTCCAGCCATCTCTCAGTACCAAACCCCCCTTTTCGTTTGAGCCGTGCTAGTTACTGCTGTCCTTCTATTACTTTCCCTCCCCGTCCTGGCAGCAGGCATTACTATGTTACTTACAGACCGAAATCTAAACACCACTTTCTTTGACCCGGCAGGCGGGGGAGATCCAATTTTATACCAACACCTC","C_FishF1t1","C_FishR1t1"
"FSH.BIGC.04.20191022.1.0055.DNA","b0ea0447-21e7-497a-8242-963d326f6523","fin clip","Cytochrome Oxidase Subunit 1 5' Region","https://www.boldsystems.org/index.php/Public_RecordView?processid=FSHN594-20","CCTCTATTTAGTATTTGGTGCCTGAGCCGGGATAGTAGGTACCGCCCTGAGTCTACTGATTCGGGCGGAACTAAGCCAGCCGGGCGCTCTTCTGGGGGATGACCAAATCTATAACGTGATCGTCACAGCCCATGCCTTCGTTATGATTTTCTTTATAGTCATACCAATTATAATCGGGGGCTTTGGAAACTGATTAATTCCCCTAATAATCGGAGCCCCTGATATGGCATTCCCTCGAATAAATAACATAAGCTTCTGACTCCTTCCTCCATCCTTTCTCCTCCTCCTGTCTTCATCAGGAGTTGAAGCCGGCGCGGGTACTGGATGAACAGTATACCCCCCTCTAGCCGGCAACCTCGCCCACGCAGGAGCCTCTGTTGATTTAACTATCTTCTCCCTTCATTTAGCTGGAATCTCCTCAATTTTAGGAGCCATTAATTTTATTACGACCATTATTAACATAAAACCTCCAGCCATCTCTCAGTACCAAACCCCCCTTTTCGTTTGAGCCGTGCTAGTTACTGCTGTCCTTCTATTACTTTCCCTCCCCGTCCTGGCAGCAGGCATTACTATGTTACTTACAGACCGAAATCTAAACACCACTTTCTTTGACCCGGCAGGCGGGGGAGATCCAATTTTATACCAACACCTC","C_FishF1t1","C_FishR1t1"
"FSH.BIGC.05.20191023.1.0041.DNA","0c4127ce-225e-4824-aded-ed0c4ea65889","fin clip","Cytochrome Oxidase Subunit 1 5' Region","https://www.boldsystems.org/index.php/Public_RecordView?processid=FSHN595-20","CCTCTATTTAGTATTTGGTGCCTGAGCCGGGATAGTAGGCACCGCCCTGAGTCTACTGATTCGGGCGGAACTAAGCCAGCCGGGCGCTCTTCTGGGGGATGACCAAATCTATAACGTGATCGTCACAGCCCATGCCTTCGTTATGATTTTCTTTATAGTCATGCCAATTATAATCGGGGGCTTTGGAAACTGATTAATTCCCCTAATAATCGGAGCCCCTGATATGGCATTCCCTCGAATAAATAACATAAGCTTCTGACTCCTTCCTCCATCCTTTCTCCTCCTCCTGTCTTCATCAGGAGTTGAAGCCGGCGCGGGTACTGGATGAACAGTATACCCCCCTCTAGCCGGCAACCTCGCCCACGCAGGAGCCTCTGTTGATTTAACTATCTTCTCCCTTCATTTAGCTGGAATCTCCTCAATTTTAGGAGCCATTAATTTTATTACGACCATTATTAACATAAAACCTCCAGCCATCTCTCAGTACCAAACCCCCCTTTTCGTTTGAGCCGTGCTAGTTACTGCTGTCCTTCTATTACTTTCCCTCCCCGTCCTGGCAGCAGGCATTACTATGTTACTTACAGACCGAAATCTAAACACCACTTTCTTTGACCCGGCTGGCGGGGGAGATCCAATTTTATACCAACACCTC","C_FishF1t1","C_FishR1t1"
"FSH.BIGC.08.20190425.1.0040.DNA","1cdcb62d-ba69-45c2-a541-f2270e54b60b","fin clip","Cytochrome Oxidase Subunit 1 5' Region","https://www.boldsystems.org/index.php/Public_RecordView?processid=FSHN596-20","","C_FishF1t1","C_FishR1t1"
