genetic_sequence_id	event_id	derived_from_material_entity_id	genetic_sequence_type	genetic_sequence_type_iri	genetic_sequence_type_vocabulary	genetic_sequence	genetic_sequence_citation	genetic_sequence_remarks
9f14efad-9fc3-4298-a080-2bde25a9b4bc	BIGC.20190423.04.1.e-fisher	FSH.BIGC.04.20190423.1.0016	Cytochrome Oxidase Subunit 1 5' Region				https://www.boldsystems.org/index.php/Public_RecordView?processid=FSHN586-20	
adfc3ee3-ebc3-4ca5-abfc-f0499022bd89	BIGC.20191022.04.1.e-fisher	FSH.BIGC.04.20191022.1.0014	Cytochrome Oxidase Subunit 1 5' Region				https://www.boldsystems.org/index.php/Public_RecordView?processid=FSHN587-20	
ad2572df-f1bd-40b0-aff7-ba38dad59030	BIGC.20191022.04.1.e-fisher	FSH.BIGC.04.20191022.1.0015	Cytochrome Oxidase Subunit 1 5' Region				https://www.boldsystems.org/index.php/Public_RecordView?processid=FSHN588-20	
9bb46cc0-66d6-40a6-a935-b9104b76dcf9	BIGC.20191022.04.1.e-fisher	FSH.BIGC.04.20191022.1.0016	Cytochrome Oxidase Subunit 1 5' Region				https://www.boldsystems.org/index.php/Public_RecordView?processid=FSHN589-20	
63976b8f-d4a8-4cc8-9265-fb13f7dd1fd2	BIGC.20191022.04.1.e-fisher	FSH.BIGC.04.20191022.1.0026	Cytochrome Oxidase Subunit 1 5' Region				https://www.boldsystems.org/index.php/Public_RecordView?processid=FSHN590-20	
e2db8195-b1c9-4591-98e3-d1381c35b880	BIGC.20191022.04.1.e-fisher	FSH.BIGC.04.20191022.1.0034	Cytochrome Oxidase Subunit 1 5' Region				https://www.boldsystems.org/index.php/Public_RecordView?processid=FSHN591-20	
722ff4d8-4bac-4f95-b3a9-d4e0a308d17c	BIGC.20191022.04.1.e-fisher	FSH.BIGC.04.20191022.1.0046	Cytochrome Oxidase Subunit 1 5' Region			CCTCTATTTAGTATTTGGTGCCTGAGCCGGGATAGTCGGCACCGCCCTAAGTCTCTTGATTCGGGCAGAACTCAGCCAACCCGGCGCCCTCCTAGGGGATGACCAGATTTATAACGTAATTGTTACAGCCCATGCCTTCGTAATAATTTTCTTTATAGTCATACCAATTATGATCGGCGGCTTTGGAAACTGATTAATCCCTCTCATAATCGGAGCCCCCGACATAGCATTCCCCCGAATGAATAACATAAGCTTCTGACTCCTCCCTCCGTCCTTTCTTCTCCTCCTAGCCTCGTCTGGAGTTGAAGCCGGCGCTGGCACAGGATGAACAGTCTACCCCCCTCTAGCCGGCAATCTTGCCCACGCAGGAGCTTCCGTTGACTTAACTATTTTCTCCCTCCATTTAGCTGGTATTTCCTCAATTTTGGGGGCCATTAATTTTATTACGACCATTATTAACATAAAACCCCCAGCCATCTCCCAATATCAAACTCCACTTTTTGTTTGGGCCGTGTTAGTCACCGCCGTCCTCTTATTACTCTCCCTCCCTGTTTTAGCAGCAGGCATTACTATGCTACTCACAGACCGAAATCTTAATACCACTTTCTTTGACCCGGCAGGCGGAGGGGATCCAATCTTATACCAACACCTC	https://www.boldsystems.org/index.php/Public_RecordView?processid=FSHN592-20	
af30ce07-4a2e-4394-805d-ac0172ca8a12	BIGC.20191022.04.1.e-fisher	FSH.BIGC.04.20191022.1.0054	Cytochrome Oxidase Subunit 1 5' Region			CCTCTATTTAGTATTTGGTGCCTGAGCCGGGATAGTAGGTACCGCCCTGAGTCTACTGATTCGGGCGGAACTAAGCCAGCCGGGCGCTCTTCTGGGGGATGACCAAATCTATAACGTGATCGTCACAGCCCATGCCTTCGTTATGATTTTCTTTATAGTCATACCAATTATAATCGGGGGCTTTGGAAACTGATTAATTCCCCTAATAATCGGAGCCCCTGATATGGCATTCCCTCGAATAAATAACATAAGCTTCTGACTCCTTCCTCCATCCTTTCTCCTCCTCCTGTCTTCATCAGGAGTTGAAGCCGGCGCGGGTACTGGATGAACAGTATACCCCCCTCTAGCCGGCAACCTCGCCCACGCAGGAGCCTCTGTTGATTTAACTATCTTCTCCCTTCATTTAGCTGGAATCTCCTCAATTTTAGGAGCCATTAATTTTATTACGACCATTATTAACATAAAACCTCCAGCCATCTCTCAGTACCAAACCCCCCTTTTCGTTTGAGCCGTGCTAGTTACTGCTGTCCTTCTATTACTTTCCCTCCCCGTCCTGGCAGCAGGCATTACTATGTTACTTACAGACCGAAATCTAAACACCACTTTCTTTGACCCGGCAGGCGGGGGAGATCCAATTTTATACCAACACCTC	https://www.boldsystems.org/index.php/Public_RecordView?processid=FSHN593-20	
fa420fcb-8e64-4d89-bb4a-8030b03fba67	BIGC.20191022.04.1.e-fisher	FSH.BIGC.04.20191022.1.0055	Cytochrome Oxidase Subunit 1 5' Region			CCTCTATTTAGTATTTGGTGCCTGAGCCGGGATAGTAGGTACCGCCCTGAGTCTACTGATTCGGGCGGAACTAAGCCAGCCGGGCGCTCTTCTGGGGGATGACCAAATCTATAACGTGATCGTCACAGCCCATGCCTTCGTTATGATTTTCTTTATAGTCATACCAATTATAATCGGGGGCTTTGGAAACTGATTAATTCCCCTAATAATCGGAGCCCCTGATATGGCATTCCCTCGAATAAATAACATAAGCTTCTGACTCCTTCCTCCATCCTTTCTCCTCCTCCTGTCTTCATCAGGAGTTGAAGCCGGCGCGGGTACTGGATGAACAGTATACCCCCCTCTAGCCGGCAACCTCGCCCACGCAGGAGCCTCTGTTGATTTAACTATCTTCTCCCTTCATTTAGCTGGAATCTCCTCAATTTTAGGAGCCATTAATTTTATTACGACCATTATTAACATAAAACCTCCAGCCATCTCTCAGTACCAAACCCCCCTTTTCGTTTGAGCCGTGCTAGTTACTGCTGTCCTTCTATTACTTTCCCTCCCCGTCCTGGCAGCAGGCATTACTATGTTACTTACAGACCGAAATCTAAACACCACTTTCTTTGACCCGGCAGGCGGGGGAGATCCAATTTTATACCAACACCTC	https://www.boldsystems.org/index.php/Public_RecordView?processid=FSHN594-20	
dbd00380-ad7d-498a-9edb-f324fb2c26e8	BIGC.20191023.05.1.e-fisher	FSH.BIGC.05.20191023.1.0041	Cytochrome Oxidase Subunit 1 5' Region			CCTCTATTTAGTATTTGGTGCCTGAGCCGGGATAGTAGGCACCGCCCTGAGTCTACTGATTCGGGCGGAACTAAGCCAGCCGGGCGCTCTTCTGGGGGATGACCAAATCTATAACGTGATCGTCACAGCCCATGCCTTCGTTATGATTTTCTTTATAGTCATGCCAATTATAATCGGGGGCTTTGGAAACTGATTAATTCCCCTAATAATCGGAGCCCCTGATATGGCATTCCCTCGAATAAATAACATAAGCTTCTGACTCCTTCCTCCATCCTTTCTCCTCCTCCTGTCTTCATCAGGAGTTGAAGCCGGCGCGGGTACTGGATGAACAGTATACCCCCCTCTAGCCGGCAACCTCGCCCACGCAGGAGCCTCTGTTGATTTAACTATCTTCTCCCTTCATTTAGCTGGAATCTCCTCAATTTTAGGAGCCATTAATTTTATTACGACCATTATTAACATAAAACCTCCAGCCATCTCTCAGTACCAAACCCCCCTTTTCGTTTGAGCCGTGCTAGTTACTGCTGTCCTTCTATTACTTTCCCTCCCCGTCCTGGCAGCAGGCATTACTATGTTACTTACAGACCGAAATCTAAACACCACTTTCTTTGACCCGGCTGGCGGGGGAGATCCAATTTTATACCAACACCTC	https://www.boldsystems.org/index.php/Public_RecordView?processid=FSHN595-20	
fd18b8ad-68e6-4a21-985b-ad8367c49c51	BIGC.20190425.08.1.e-fisher	FSH.BIGC.08.20190425.1.0040	Cytochrome Oxidase Subunit 1 5' Region				https://www.boldsystems.org/index.php/Public_RecordView?processid=FSHN596-20	
