"agentID","agentRole","agentRoleDate","agentRoleIRI","agentRoleOrder","agentRoleVocabulary","eventID"
"f824f24109c2be10226696dccd00e243","collector","","","","","b71454c5c5e94186a3cb5a5884a75800"
"9c7aba038f9ea0f948cc367188776394","collector","","","","","fa65a6c23754910417e602744b0da816"
"3f1cc9cb869f3cd1dd5bdf18711e507b","collector","","","","","d0920e07a70131ec46e06774edbdbfb9"
"e4960e4d301077abeec7fc8ae381c33c","collector","","","","","2829ddececf9f0b0a4cf032c98945f1b"
"7fe3d5e8d020f6e76b5ed33e27b0186a","collector","","","","","97c11c9ddd1ac6e987392830e3d01363"
"2481beb319f7a61ad927543697504dae","collector","","","","","f6602a525843b53f7faa253b42f0b6fa"
"3d79087a37a1086e36679ec41754c866","collector","","","","","ced8d9e053032b7e81479daab4e8e836"
"875288d86ca8f483ba817f75cc794ecd","collector","","","","","53deae8cd173f6c2d6559f005523a0d0"
"b62e3bcaaf4718e10a3475e55f8a6315","collector","","","","","53deae8cd173f6c2d6559f005523a0d0"
"d1aef076413c68b687ca751c69c9951e","collector","","","","","96018ba138454eeb34cf163c1c923678"
"58e2b3cd641a42dda7eb1a87d7086449","collector","","","","","e139eb5ff7a6d27189f252c429bf8a22"
"e7a69dd16de0789d1a8ed732f15e2245","collector","","","","","814f03a207c8ee41c2febbbca934aa46"
"c7f5348299f6a77270841ea78164d80d","collector","","","","","d4a4154379d582062b9cb4d6388f858c"
"30f7555fa673cef27d438798ca9a99c1","collector","","","","","5c5205c6928e97e16890c8a5d6e2a900"
"7924b0502cb8dfd10209776ff1fabf30","collector","","","","","6fdf1be4922863b9aa20f7abe906501c"
"edd963935eddfd5ac7a457c4737fe191","collector","","","","","5ad7ee0e51c8b58d82d05e9eac0cae2a"
"e5cfefe343069fdcf2f22bc3f5be16b5","collector","","","","","2f3a01ebc4f16dad8b0a4fc4cc6f48fa"
"875288d86ca8f483ba817f75cc794ecd","collector","","","","","b273abd2e553f01475a966216f65e6da"
"b62e3bcaaf4718e10a3475e55f8a6315","collector","","","","","b273abd2e553f01475a966216f65e6da"
"60f01f0d1340345a48564e758fb7f3e2","collector","","","","","917d693421cf9e42ae836c078e92bacc"
"6201262ee510264a7cccd61895003a98","collector","","","","","520d3096003423bee04eddb55f873451"
"d660ee1044e6d6994fe87e5a7c7568be","collector","","","","","a30e78815d9474aadd092bb56aa89d5e"
"70eb5f08be66b0d2bf0e15626c2b8b38","collector","","","","","81fbed52f62b082cf51095f6d52adbba"
"2020abc2d7c86e802a8cb8dfc7fbda0b","collector","","","","","17dfe22938a1a839f406c87d96a1a87c"
"eceb441e6e13d89fc5579979a4c6480c","collector","","","","","3aa4bce1e743c51cf45dfad41b25362a"
"9c7aba038f9ea0f948cc367188776394","collector","","","","","b2c8853996369e793aed49ae7bfe5460"
"63b884c3774703057109ba84133ae2fc","collector","","","","","60770a02320e6a1c2abb553416abae59"
"8743acbb87d65809a713159af3ce5224","collector","","","","","f12c2b648ff46ce46a580c505aed2880"
"875288d86ca8f483ba817f75cc794ecd","collector","","","","","bef689f391a6cc67048fd72e51f2e97a"
"b62e3bcaaf4718e10a3475e55f8a6315","collector","","","","","bef689f391a6cc67048fd72e51f2e97a"
"60f01f0d1340345a48564e758fb7f3e2","collector","","","","","6d5ee94b1d9b9736dd205ae7bb2964cc"
"63d6ee1410e449fdc150f6a68ffb0fb4","collector","","","","","c9ffcb0a6757b5e54774f82a73766991"
"d3720c2f8f536c8d57740c3cf1ff22e6","collector","","","","","c9ffcb0a6757b5e54774f82a73766991"
"126d697a85e01f570533183093a19a9e","collector","","","","","2335117f0e59703c5dcefb25a770ac76"
"9c7aba038f9ea0f948cc367188776394","collector","","","","","5489b00dea715f402fd66956a422785a"
"71958ea28a1b74c80ccd41c3544c8035","collector","","","","","8c141aa77eef94f51572a62845d749aa"
"27bd916be78b4b5ace84c80b59ae260b","collector","","","","","52c0fe46152b2ba69bd4a9867d64480f"
"fe1a503cbef14fa13d0714b4364bcd88","collector","","","","","9e1684e8ee8fd476926b347de896c286"
"1df645a1ead421fbe0fe15b0271625c5","collector","","","","","e5a84d2213ada534d8c3316f17b19986"
"1bd0041f0888b0342f04e7ca794cb709","collector","","","","","e03ec6115e62c7485ddc2b30594b4572"
"8939e2c6bd7e6372b7d336262084e290","collector","","","","","25d51a2c3d6f6ab927ad1f458534f359"
"95a0c6368dd55e652b5c77684f358878","collector","","","","","a371408d1245f9b23620de65507d693b"
"435b8d1d72b3beecf127f20a2393fda5","collector","","","","","222bd0aba75712576c5749849f061e62"
"ec7d90c683550eb5066c956f0afcf32f","collector","","","","","601461713f3c21f582d1a975d8635491"
"9c7aba038f9ea0f948cc367188776394","collector","","","","","1e1e00c1db6f8968faf68f83b09ec42c"
"63b884c3774703057109ba84133ae2fc","collector","","","","","6c4442ff3e0e81e5c74f5ac647080bf7"
"d1aef076413c68b687ca751c69c9951e","collector","","","","","d69c2b26d20a4b0f0f7b019772977af2"
"d87c881f28df9a45213cb5f40e2acda2","collector","","","","","d46a7fdd69d786510b59fe4ca0b71de4"
"42ccff8d6a0be28934d1eb2915bfe692","collector","","","","","3aef8a7608210626910edf5876f4037a"
"7acbe1d4b6667ff6d2b48d8d1905cdfb","collector","","","","","40f68cc3059750225707acddecda7116"
"11f63ce863e9ec8c931229525380041a","collector","","","","","d77bc51a36f1f29f987f1b95ec5d27cf"
"62ca66a9b1e22287186fd7fba167ecbe","collector","","","","","5a15827e43bf180debf2f0fa732e27d3"
"2414547687efe9ad61012a1ebc121413","collector","","","","","66c82bbaf244ff4103daa005e6e755ee"
"9304d8ce24fd64b021c774a277647201","collector","","","","","38232f69cccc00b7f143ccaec573150d"
"5d8d7b2cbdacbc3e20b27752a8309e5c","collector","","","","","6c65dfda1f16f59450c646809228da1a"
"7acbe1d4b6667ff6d2b48d8d1905cdfb","collector","","","","","d36479b758c34a90e45cde43c9a09059"
"8f052d8a1dcfcc150bdf008c6427b175","collector","","","","","87b8b65fafac5e64a921481f6838c01d"
"63b884c3774703057109ba84133ae2fc","collector","","","","","52693bc4e3603a34aff6fa508cf823a2"
"9c7aba038f9ea0f948cc367188776394","collector","","","","","1d2a8fb54766b2261abddf0bb621012e"
"126d697a85e01f570533183093a19a9e","collector","","","","","d1dc088969a83a6a5a94d169f0cd1f70"
"a71a6802180da1d9c229e81e9d1157fd","collector","","","","","c1ec1d07ed4f8f0bfa6e065ae2f4911f"
"126d697a85e01f570533183093a19a9e","collector","","","","","fdd7a8ca79f15cb3c1ecf4108660f10a"
"2f16c8b2d38f71b25b5d12c9fb1f663d","collector","","","","","c53c6a85edce1f5c16c6789ecab63626"
"63b884c3774703057109ba84133ae2fc","collector","","","","","520d3096003423bee04eddb55f873451"
"cbdd31535b641c1d9ea9a0c08c3ff87e","collector","","","","","44becb67f268cd6375c3adc8924d5682"
"4e292aee336556569f4148c1fed135e5","collector","","","","","62d8b95c849f98d25e6680af99972ab9"
"a93538712b125f939f410c95ee4e9fe0","collector","","","","","d5b790d6d6cf65511a1afaa9eaf2de52"
"7fe3d5e8d020f6e76b5ed33e27b0186a","collector","","","","","7a33a3e2a05d1a618b9bef7f2005368c"
"adad1016dddced4fa2d05c9bd314c6d5","collector","","","","","e14e803ac8efc4bbe47604d2f9fb8fb2"
"13fd259b0f054b33a6ff6cf1e61bfbaf","collector","","","","","b948bc0f258412b03b11f29df1c56c99"
"d9e6f702492265b24e838c4b115377d7","collector","","","","","b979f057cafac5ea873bba8be394fd95"
"5fa9cef60b51fb1147e79a2537db96ef","collector","","","","","a1f2b28db4629a2146ce78a512b7aabb"
"1bd0041f0888b0342f04e7ca794cb709","collector","","","","","c28404ab2de948d5993f6adc7c6dca1e"
"6048d9cdfb54b50c3e17c2ece708e36a","collector","","","","","cd18f3be45d1cebe1d1979e19c8b59eb"
"9eda243ed34b4f96c7c379ae14d2d8f9","collector","","","","","63aac45f49386f73fa9a5839ee1ec778"
"9c7aba038f9ea0f948cc367188776394","collector","","","","","3777b752dfb58889c02c07042e789c00"
"91f92cb731e2a3008b2767a9d7429578","collector","","","","","f04b7338ce1fae1c4852004961574d87"
"f026039e9e543e02c864bbf9149a29c9","collector","","","","","f04b7338ce1fae1c4852004961574d87"
"37d8a151a7feb31c67c7ae029a38528b","collector","","","","","7101962ea84f32275b97c5f3f3db6530"
"561d7b547e0985565306a466155d67b0","collector","","","","","7456900dcfa78af535ec41811b4524bd"
"75c2451fea49a6e1eff40fbab08ca51c","collector","","","","","28417da8d74b9be5a2844acc8f6d7e88"
"8a32cd37c25e95e23a7f15419d0ee659","collector","","","","","2bf2e0aa97bcdcfaa980761713987961"
"3efe729243574a7ba737ca3139c3fd27","collector","","","","","db9064203f843db6e35601b3e9690446"
"b89b446991a2959c82d21e3cf8bc34c2","collector","","","","","c2c766531c61f230b01c315dd6de0cf5"
"60f01f0d1340345a48564e758fb7f3e2","collector","","","","","2579067cfc08f815f453e6f184b503df"
"28553e6d722ddd62a408bb8f441eed7b","collector","","","","","0d53183cd445c8fc68b04ec9e601eb21"
"9490a05f9a420696a6b032684f06fa12","collector","","","","","b5e8b8e2bb87e139f188dd38abb5229c"
"83b7b171d0b69ed75e48fb59cde019cb","collector","","","","","b76491d6314291c2c2d1596bc1f009e7"
"7acbe1d4b6667ff6d2b48d8d1905cdfb","collector","","","","","49a3727cbb56e1410e3ac36d5b29c7b5"
"2f16c8b2d38f71b25b5d12c9fb1f663d","collector","","","","","3475720e86b33686f0f2d804d6cb9436"
"622a47344e78d970a0da5e73fb9e3938","collector","","","","","4902e4248d4c98bf61e5be75448b15d0"
"c3912a454ffd1799910602f0371ecdf8","collector","","","","","38c164b68f38876e2af065d3779be574"
"f184c26c9d9b6f4b1b656a9e4af6618e","collector","","","","","2c8a9d149546f3c5c8b6973d78a50ce6"
"6d8b0e98b684530b3d1e0e4f2be2e5c4","collector","","","","","c9c57d290724923dafe6f05962e71282"
"15761fecf973ff242fc5a83e69af703f","collector","","","","","c1e4daa5d4961225e531c1ad6138a54c"
"7339771625c8152bea61b520a0d44cee","collector","","","","","8ae84936303d9e20136bb68d6e250027"
"a5230d3dcc52d02a806157ebbfb1765d","collector","","","","","80619d9c5b269b52fee3fc614a7c5009"
"d401f9ec28a8acec14209ffb03d192fa","collector","","","","","5fd5630498ee729894611c8666c0ef7a"
"9c7aba038f9ea0f948cc367188776394","collector","","","","","6ad52a774ce419083ee5be3fdc0ca244"
"c257fe532e739a20e4957248ece95029","collector","","","","","84f03930d7466245a87946d65885e80a"
"bfda9700a51f6553cb8efdcade25a6e5","collector","","","","","23b0368a823d4c7b0f6ec4488d2838cc"
"60f01f0d1340345a48564e758fb7f3e2","collector","","","","","8d2918b0f2c1f219ed995190d099b5ce"
"06c0c66c43c009dde6860f2b521eebe6","collector","","","","","723b966b9ad51cfa9b600859a67e855d"
"3c434e7576736a17448841974af17a63","collector","","","","","dda1d75f483e5d80b6342d641601c187"
"7820c40808070e9b44100dd00b5025dc","collector","","","","","426c003cd419b4210d128ae5199cdaf0"
"41ccf24917ec3bddc69bf0b6d65e9b32","collector","","","","","b0559fce5e51fb668a24d5d0dc7aa647"
"edd963935eddfd5ac7a457c4737fe191","collector","","","","","d68f9be7f4e10f5722ffab1661c9b9aa"
"da16f00581bedfd3715ff2470d64b9a7","collector","","","","","efcc415ccec10d0ca570f7430ab045c7"
"7159f6662942c55022266f6c8aba0368","collector","","","","","58c6d17502a6c7cd7ff5e550d056eaf6"
"e33525d457696bbefb4209711d914919","collector","","","","","2b45ac37b9a47c6c414aa08ce2f16f02"
"65cf1d92795ab4b9b74225f7cab19f27","collector","","","","","6ed083892791b767e35c9e0ae82b43ea"
"126d697a85e01f570533183093a19a9e","collector","","","","","d23192858c4cfa7c29318997b9b70b18"
"141b80281994480ad5811e1bca3f03fe","collector","","","","","b3f7417dadecb7c7decf04d5f2fcc87f"
"9c7aba038f9ea0f948cc367188776394","collector","","","","","ff70b0e41ac179306efcd31591c64861"
"3cdb2aed9332b1fe063486057858466c","collector","","","","","181b633bf3d5a3d1857f0c826f51b2b2"
"4ea8b47ee9a0ffaa9508017c4a805a80","collector","","","","","74be1fb212b5af482cb71b85a5f8b85b"
"cd32ce79c3d49f445c685af16eafbd37","collector","","","","","db718529dd5b49b64bd230dd6bd41a7e"
"3321cad5bab7bb42baf3a29a4b721384","collector","","","","","115a4b01e276d5f7d8c43fd5deb21498"
"e57c17c93f9dbd82423dd187a1746199","collector","","","","","6cb8a68e24e2bcd733cc818e85345d73"
"c3afe7aca1d6d4e1c242218b81271ac0","collector","","","","","eaca64dfca4d41be829a09ceab9ae91a"
"7b36029bbb369d73a445749187a8c0f8","collector","","","","","d7bbac846305496314554a85d7899a06"
"8d155ce3a0dd9f82092dd8af020159e5","collector","","","","","0275d8a9ffe48f556096ac7e808f197e"
"a9d58acc287f381ffd62d8344daaf44e","collector","","","","","67601c6688faf517590430fdf70afa7e"
"81234fe5fff757cc2e0f6e7cbe1bb394","collector","","","","","e488853fee2c2b2b2954ab65d525069c"
"32df599311a4377a0d420d39009668ab","collector","","","","","39a91047ef14ee5130c78b7e7d9f1eb0"
"024193710cfa838972918407185bdcec","collector","","","","","1e2145be2b04d362690532df80dabc0d"
"27bd916be78b4b5ace84c80b59ae260b","collector","","","","","059c357075482f92806ad1f83792b237"
"e02bd2c9fe6913b2fee3ba8b0376bacd","collector","","","","","ff0dfd563b3add99713ecf766fab1bca"
"18244ca262ee6f1e4259460236dd790f","collector","","","","","b76491d6314291c2c2d1596bc1f009e7"
"a05f013f6b350500fdf9c4f2983693f2","collector","","","","","6c6a89249ab99350e50a5f9624d8e003"
"a93538712b125f939f410c95ee4e9fe0","collector","","","","","885011889f1c0bbae3a0a8ce5eaf2f87"
"7fe3d5e8d020f6e76b5ed33e27b0186a","collector","","","","","10ff3dd1718048e614c5265b2692aeb7"
"1bd0041f0888b0342f04e7ca794cb709","collector","","","","","cba3e51966c5b112a16c96a2ebfe8e06"
"9c7aba038f9ea0f948cc367188776394","collector","","","","","fe2fe7b3625e6a504623831b00faeea8"
"60efdcf07dd9a604300b3863a7508df0","collector","","","","","d5fc4b61f53960092c9c76baa8138789"
"63b884c3774703057109ba84133ae2fc","collector","","","","","2792df303f82a8934a4f159228aeb4e6"
"9c7aba038f9ea0f948cc367188776394","collector","","","","","5450b12ab1a21fb75e9764c3298feef2"
"c257fe532e739a20e4957248ece95029","collector","","","","","89b66fad58506170487e6895eab6dcae"
"4daf8f023f34ce47463abf21e52a28a1","collector","","","","","2e17f6605ee4c7c29b047c216e7021b7"
"9c7aba038f9ea0f948cc367188776394","collector","","","","","16a6b1f47f5b341f3d426c8f6be6f009"
"e6889a18e52232129add570742c02e04","collector","","","","","1c1ebb48478d968f77ef1cb25285c57d"
"e1da19bf22cd7e005ce4a147a8630cda","collector","","","","","25812af8f0ffed33cb3b781a95f97628"
"c51d3598a8d6b63cbc8e07bb46f2ce3a","collector","","","","","309f3c10dd419fd552e2d51d76dc69ce"
"972e79d3c62a2ff655f8cfdf71a5645f","collector","","","","","309f3c10dd419fd552e2d51d76dc69ce"
"d660ee1044e6d6994fe87e5a7c7568be","collector","","","","","f6eeb6deba9f0345797d27f78c0366a2"
"14223dbae9077782d484f2e398deec6f","collector","","","","","b29f22eefdf5275f209094d663c9f35c"
"a3f30ff1037ff0dc126dff6ceeb244c6","collector","","","","","b29f22eefdf5275f209094d663c9f35c"
"9c7aba038f9ea0f948cc367188776394","collector","","","","","67257f5cfb471c7def1108cc15d99d90"
"ee69dd31840fb1a3ce622da36c2d3e33","collector","","","","","be90af3deebc5b2b1cd32f2a3b5549ef"
"d20d4a346c11394158b7c8535cd71fd9","collector","","","","","4266eefb07d9767602020306528c50cb"
"aecc6fb9b5a549e996b462418bfe4a10","collector","","","","","b1a3c84ac110fb3d210ab65fa4e1b535"
"3d79087a37a1086e36679ec41754c866","collector","","","","","15c21ae1ca0050cafbb41faffca4aff1"
"9c7aba038f9ea0f948cc367188776394","collector","","","","","307c412cadaf26f22043308246b2633d"
"ab9a7a1b82d7e4d546c76c630c5abf80","collector","","","","","85f7c30f32312176d06aa0e3a1b331f3"
"2f16c8b2d38f71b25b5d12c9fb1f663d","collector","","","","","4e18a5fabc7fcf87385749346cac7573"
"689edfdc6697788eb3eb5b06767973f7","collector","","","","","21a14fb55ee2786dd30bffc63ed12acf"
"1f7ecbcf210c9b21629b996441005eea","collector","","","","","09f16f43c14dd0fcb1c63eb03dcfe0dd"
"c1d728ba2547f748a3ba14732f8eb315","collector","","","","","e65b87c16547a52bd61ba7cbc2339dc5"
"b988f43e1f9122f25f508929fc9aed55","collector","","","","","e41ec46296e740e755d7c1e64046fc96"
"2b2af293390705e881ef31957c81a850","collector","","","","","ef182e70349350b7174dba778f096d3d"
"924432cae2441b42d9141439da9f7e75","collector","","","","","54287bcec9df206611447a34d8e2b382"
"6048d9cdfb54b50c3e17c2ece708e36a","collector","","","","","8fac52792888120983ce2e4a2c6d6deb"
"9d4798ec759e1057007e5a5661818fc6","collector","","","","","8fac52792888120983ce2e4a2c6d6deb"
"dabb826795c46a5436a024de1d9444b0","collector","","","","","bc7bccd7aa92fbc0ec5ddb2f39ffc017"
"e526968ca9ffbe5330b089d881e24d74","collector","","","","","9f6250ac5bf9bf4939d1e9a2347fd07a"
"c257fe532e739a20e4957248ece95029","collector","","","","","182150ad19a9f079238f6745989ad5d8"
"ef1e24579e44dce35de0de62056deb31","collector","","","","","988a7f52dd971bdc75fed7589dfe1763"
"175a10ae498d246124b930c561637902","collector","","","","","3e59c0994868848eec2665f1b4cb67f0"
"016c21081913b44b73cbf369f69ce7c0","collector","","","","","d2b70376249132b63b712ea862828f48"
"a68d68625cc5446addfd224d2f14588d","collector","","","","","88bfbea6b3578fdc009509580b04055a"
"1bd0041f0888b0342f04e7ca794cb709","collector","","","","","98dd1819319e3c96738cef7e597df505"
"7bd61356ebd3387e09fb8d9d919fbd37","collector","","","","","ac1f1f890f25435edc5d22939f84278f"
"76df8b7f200c26fb7f688c9c76eccae2","collector","","","","","ae0692ac19ab016a952b14eed288493a"
"875288d86ca8f483ba817f75cc794ecd","collector","","","","","0c688ffe45bec3dba4ed9e57787932ba"
"b62e3bcaaf4718e10a3475e55f8a6315","collector","","","","","0c688ffe45bec3dba4ed9e57787932ba"
"a93538712b125f939f410c95ee4e9fe0","collector","","","","","479ecb5a05708ccc4bd8e94c60562561"
"a26d41d6cd343dd48c06f47b0c35a6a6","collector","","","","","b6f1e39a18c1003d8a54b0e36c133ac3"
"93bc7e04ee94c488292af521b5fffd1d","collector","","","","","5ebbdd10635698e41f3a5f04a03b900e"
"c257fe532e739a20e4957248ece95029","collector","","","","","7355588eb9a0fa8617e73d6dad338e99"
"9512b60bd075d357b3f071459c4435d7","collector","","","","","92c37add2fbb3f57d7cc88142175f98b"
"60f01f0d1340345a48564e758fb7f3e2","collector","","","","","7293eeeaae6d506c6b1cbbb9e6d2417f"
"79c9334ef8b468bed24c9bcd63213ee5","collector","","","","","231eab18f9b876545078230a41a1082b"
"2f16c8b2d38f71b25b5d12c9fb1f663d","collector","","","","","3c19b19fee8fedcbc7c59f174e440b3b"
"63b884c3774703057109ba84133ae2fc","collector","","","","","7ed16235057d22836d4a6de3f4b85540"
"39ebbfa2e04eceba05082a4b1ade64bc","collector","","","","","3f33d92920a3f6985c000bd1186ed771"
"b0fee81187e34b569ca5267a8b5644e6","collector","","","","","6c5cf7f7171d96b4a0774b8602c8a651"
"8cf650817c2bf5e8a29a059c23b6e6f3","collector","","","","","42312298d9032994e68daeeb8838904c"
"9e519eeba4dfeada301bb4f9271de03b","collector","","","","","ae36d13c5f1be2a7536b07fabebb908e"
"6d2d283db9a95a29d41fe5156c295110","collector","","","","","1589ab96634be5eda4994a532ccc0095"
"7820c40808070e9b44100dd00b5025dc","collector","","","","","782a3c9098dd51c9bc41552316fdc395"
"2e3d4ff24e1ed3a2fb95da701ac53e4e","collector","","","","","b9f766582e8a46cafd0f33a037a34132"
"14223dbae9077782d484f2e398deec6f","collector","","","","","1b76c5fb45e79302a72224f7de312364"
"d660ee1044e6d6994fe87e5a7c7568be","collector","","","","","9350855e19ac3cf8e25f101bb8436d5d"
"a687699b4e877bc76bcec7e4bf05b24a","collector","","","","","1b7179c0f9ab56cf80db1c5ba0a56328"
"9c7aba038f9ea0f948cc367188776394","collector","","","","","1a792684d9da981c49fd679e56e883c4"
"9c7aba038f9ea0f948cc367188776394","collector","","","","","3a3c1cd33c2cdc5e156b1031c2e787bf"
"ae1f0e40e7510310e81408d9a167ada5","collector","","","","","ac12ab94bab4b8347b076fd34f81c2a1"
"edd963935eddfd5ac7a457c4737fe191","collector","","","","","8aed109fec323b254bef8e0cbb832b47"
"63b884c3774703057109ba84133ae2fc","collector","","","","","8546c6b388620cdf83a2077c00ff6173"
"37d8a151a7feb31c67c7ae029a38528b","collector","","","","","ba271fa444e32742cfa937c4756cd9a9"
"8f052d8a1dcfcc150bdf008c6427b175","collector","","","","","24a048ca8af87a8c134b1b9d657490e7"
"938a065fa0c35d32841421c058373c7a","collector","","","","","91d961a09ddf045a16231964ec436c5e"
"9f66e84f9403fcc6ab31691ad1064c5c","collector","","","","","d454c09642e4122b8153c49ac957a634"
"dd3b56c535093dcc5425e08a3e1f31b1","collector","","","","","ecddd08faf37c4056b757c2b45f583d0"
"d1aef076413c68b687ca751c69c9951e","collector","","","","","3f003cecd1a83ff53e318689f611c2fa"
"ae730920e7359284ddbe48f88d6b761c","collector","","","","","354b41fb9dab0e1780e1426dce7939d7"
"11f63ce863e9ec8c931229525380041a","collector","","","","","54537c16f3ddfeb427e2eab94ecc240a"
"44b9145364a6e05fe0cc47bb97178b89","collector","","","","","947e6412fe30ff3cbf6531c5b382d536"
"b484d3d4b9148f324ecb69f6d158ce20","collector","","","","","aa5fb7e4374c9fb6f701d69b9d3c93e5"
"a93538712b125f939f410c95ee4e9fe0","collector","","","","","af4a78b4fa747041bb87b3a8dfaf3adb"
"7a82f6eda3c1845d682fef7f7b617ed8","collector","","","","","ef72cc42390fb169edd22037dd2ca35a"
"c50d6e7686ea04d88392d266a81650a7","collector","","","","","ca69cc006135b444543981298e9fa4d2"
"92bfe7ebb3bf379e9f52ecba4ffd49c7","collector","","","","","0e2e566d351182345e503bc0d16a104c"
"42ccff8d6a0be28934d1eb2915bfe692","collector","","","","","f186eb36f9cb0d9af8c55bc314a872f3"
"4e292aee336556569f4148c1fed135e5","collector","","","","","df9c3a5b0773a567562dd7b97eac1515"
"e526968ca9ffbe5330b089d881e24d74","collector","","","","","5b95f0bb7fe37292e3506839384f3a14"
"141b80281994480ad5811e1bca3f03fe","collector","","","","","0c2a36a94f4b1bff642aefc9c67b7948"
"9c7aba038f9ea0f948cc367188776394","collector","","","","","c110a2e36c17610805c75c2e92e86cf0"
"cba38fe8511c7c74e2854fc8f11dd1fa","collector","","","","","9c454b098f5dcb31d09513f8db562b13"
"26b711dbb6ea093a8b30813af957a1fe","collector","","","","","1c48d185c707bb005ffb54c940f04ead"
"63b205b4395941674d3eb6ca5bb87023","collector","","","","","9439bb6eed95f22e5facfa5ab91e7a33"
"744148a7c678539b0966ebf83992796a","collector","","","","","a59d19c82a95802d759cd1b7e8e77003"
