"BASEDONMATERIALENTITYID","BASEDONMEDIAID","BASEDONNUCLEOTIDEANALYSISID","BASEDONNUCLEOTIDESEQUENCEID","BASEDONOCCURRENCEID","DATEIDENTIFIED","HIGHERCLASSIFICATIONNAME","HIGHERCLASSIFICATIONRANK","IDENTIFICATIONID","IDENTIFICATIONREFERENCES","IDENTIFICATIONREMARKS","IDENTIFICATIONTYPE","IDENTIFICATIONVERIFICATIONSTATUS","IDENTIFIEDBY","IDENTIFIEDBYID","ISACCEPTEDIDENTIFICATION","SCIENTIFICNAME","TAXONASSIGNMENTMETHOD","TAXONFORMULA","TAXONID","TAXONRANK","TAXONREMARKS","TYPEDESIGNATIONTYPE","TYPESTATUS","TYPIFIEDNAME","VERBATIMIDENTIFICATION"
"https://doi.org/TEST/ZZZ-Y8V-0B4","","","","","","","","-991067441","","","MaterialEntity","","","","true","","","","","","","","","","Xanthia (Cirrhia) gilvago (Denis & Schiffermüller 1775)"
"https://doi.org/TEST/ZZZ-Y7F-49F","","","","","","","","-43194561","","","MaterialEntity","","","","true","","","","","","","","","","Delias hyparete (Linnaeus, 1758)"
"https://doi.org/TEST/ZZZ-Y28-CG4","","","","","","","","1461386965","","","MaterialEntity","","","","true","","","","","","","","","","Apamea crenata Hufnagel, 1766"
"https://doi.org/TEST/ZZZ-NMV-T5R","","","","","","","","1492664130","","","MaterialEntity","","","","true","","","","","","","","","","Lepidoptera"
"https://doi.org/TEST/ZZZ-LNE-V04","","","","","","","","1900402889","","","MaterialEntity","","","","true","","","","","","","","","","Manayunkia aestuarina (Bourne, A.G.,)"
"https://doi.org/TEST/ZZZ-LHT-VJX","","","","","","","","358671259","","","MaterialEntity","","","","true","","","","","","","","","","Penaeus indicus H. Milne Edwards, 1837"
"https://doi.org/TEST/ZZZ-KAF-0PM","","","","","","","","245847084","","","MaterialEntity","","","","true","","","","","","","","","","Eilema pygmaeola (Doubleday, 1847)"
"https://doi.org/TEST/ZZZ-HG3-NBR","","","","","","","","-1351460606","","","MaterialEntity","","","","true","","","","","","","","","","Pieridae"
"https://doi.org/TEST/ZZZ-G3G-36T","","","","","","","","-422288502","","","MaterialEntity","","","","true","","","","","","","","","","Aglia tau (Linnaeus, 1758)"
"https://doi.org/TEST/ZZZ-EX4-ZHS","","","","","","","","-219189776","","","MaterialEntity","","","","true","","","","","","","","","","Lepidoptera"
"https://doi.org/TEST/ZZZ-EAV-G4S","","","","","","","","1170124744","","","MaterialEntity","","","","true","","","","","","","","","","Mythimna litoralis (Curtis, 1827)"
"https://doi.org/TEST/ZZZ-DPK-537","","","","","","","","-2125734745","","","MaterialEntity","","","","true","","","","","","","","","","Euploea leucostictos eustachius (Kirby)"
"https://doi.org/TEST/ZZZ-DAW-FNY","","","","","","","","-846732833","","","MaterialEntity","","","","true","","","","","","","","","","Lasiocampa quercus (Linnaeus, 1758)"
"https://doi.org/TEST/ZZZ-D91-P2W","","","","","","","","963756046","","","MaterialEntity","","","","true","","","","","","","","","","Eilema sororcula (Hufnagel, 1766)"
"https://doi.org/TEST/ZZZ-CR9-W1R","","","","","","","","-1089899764","","","MaterialEntity","","","","true","","","","","","","","","","Tyria jacobaeae (Linnaeus 1758)"
"https://doi.org/TEST/ZZZ-CNK-8F1","","","","","","","","798268789","","","MaterialEntity","","","","true","","","","","","","","","","Palaemon elegans Rathke"
"https://doi.org/TEST/ZZZ-B80-APS","","","","","","","","1481150248","","","MaterialEntity","","","","true","","","","","","","","","","Lepidoptera"
"https://doi.org/TEST/ZZZ-ABT-HYH","","","","","","","","638677880","","","MaterialEntity","","","","true","","","","","","","","","","Melanitis leda simessa Fruhstorfer, 1911"
"https://doi.org/TEST/ZZZ-9WB-WEZ","","","","","","","","868696224","","","MaterialEntity","","","","true","","","","","","","","","","Neptis praslini connexa Grose-Smith"
"https://doi.org/TEST/ZZZ-8KQ-NFR","","","","","","","","-608997302","","","MaterialEntity","","","","true","","","","","","","","","","Herminia grisealis obscura Lempke"
"https://doi.org/TEST/ZZZ-6X7-SNJ","","","","","","","","-1098674811","","","MaterialEntity","","","","true","","","","","","","","","","Bena bicolorana (Fuessly, 1775)"
"https://doi.org/TEST/ZZZ-68F-1RT","","","","","","","","-1737952736","","","MaterialEntity","","","","true","","","","","","","","","","Xantho aff. sexdentatus (Miers, 1881)"
"https://doi.org/TEST/ZZZ-67T-04A","","","","","","","","-619995542","","","MaterialEntity","","","","true","","","","","","","","","","Lepidoptera"
"https://doi.org/TEST/ZZZ-4Y1-VWM","","","","","","","","1623699780","","","MaterialEntity","","","","true","","","","","","","","","","Dendrocoelopsis ezensis Ichikawa & Okugawa, 1958"
"https://doi.org/TEST/ZZZ-2MR-2V6","","","","","","","","-1550224885","","","MaterialEntity","","","","true","","","","","","","","","","Narcyia duplicella Goeze, 1783"
"https://doi.org/TEST/ZZZ-2KY-EQD","","","","","","","","-1061506632","","","MaterialEntity","","","","true","","","","","","","","","","Cossus cossus (Linnaeus, 1758)"
"https://doi.org/TEST/ZZZ-2AK-PLL","","","","","","","","144402438","","","MaterialEntity","","","","true","","","","","","","","","","Lepidoptera"
"https://doi.org/TEST/ZZZ-0S8-X1H","","","","","","","","-1805099065","","","MaterialEntity","","","","true","","","","","","","","","","Spilosoma lubricipeda (Linnaeus, 1758)"
"https://doi.org/TEST/ZZZ-02C-ZQQ","","","","","","","","2027058351","","","MaterialEntity","","","","true","","","","","","","","","","Hippolyte longirostris (Czerniavski)"
"https://doi.org/TEST/ZZY-SKD-Z7K","","","","","","","","-1421981765","","","MaterialEntity","","","","true","","","","","","","","","","Lepidoptera"
"https://doi.org/TEST/ZZY-L90-JSM","","","","","","","","560178543","","","MaterialEntity","","","","true","","","","","","","","","","Gyrocotyle maxima"
"https://doi.org/TEST/ZZY-J36-HY0","","","","","1939/01/01","","","-88945336","","","MaterialEntity","","","","true","","","","","","","","","","Lepidoptera"
"https://doi.org/TEST/ZZY-HDM-G4A","","","","","","","","-108857859","","","MaterialEntity","","","","true","","","","","","","","","","Cerastis rubricosa (Denis & Schiffermüller, 1775)"
"https://doi.org/TEST/ZZY-FPT-ESZ","","","","","","","","-94701940","","","MaterialEntity","","","","true","","","","","","","","","","Delias pheres approximata Joicey & Talbot"
"https://doi.org/TEST/ZZY-EHR-R3Z","","","","","","","","152325270","","","MaterialEntity","","","","true","","","","","","","","","","Appias"
"https://doi.org/TEST/ZZY-B3J-TLS","","","","","","","","1988090550","","","MaterialEntity","","","","true","","","","","","","","","","Stylaria lacustris (Linnaeus, 1767)"
"https://doi.org/TEST/ZZY-9ZE-B56","","","","","","","","-743556473","","","MaterialEntity","","","","true","","","","","","","","","","Xanthia icteritia (Hufnagel 1766)"
"https://doi.org/TEST/ZZY-78V-301","","","","","","","","1024245698","","","MaterialEntity","","","","true","","","","","","","","","","Lepidoptera"
"https://doi.org/TEST/ZZY-6XZ-YTG","","","","","","","","-6607148","","","MaterialEntity","","","","true","","","","","","","","","","Pheosia gnoma Fabricius, 1776"
"https://doi.org/TEST/ZZY-630-3KR","","","","","","","","-1289444682","","","MaterialEntity","","","","true","","","","","","","","","","Porrocaecum ensicaudatum (Zeder, 1800)"
"https://doi.org/TEST/ZZY-5GY-2ZL","","","","","","","","-1288063869","","","MaterialEntity","","","","true","","","","","","","","","","Coscinia cribraria arenaria Lpk."
"https://doi.org/TEST/ZZY-4RM-FL9","","","","","","","","918669994","","","MaterialEntity","","","","true","","","","","","","","","","Melitaea phoebe;  punica Denis & Schiffermüller, 1775; Oberthür, 1876"
"https://doi.org/TEST/ZZY-2GZ-KG4","","","","","","","","302603177","","","MaterialEntity","","","","true","","","","","","","","","","Heterocera"
"https://doi.org/TEST/ZZX-YKE-R8T","","","","","","","","-1126741526","","","MaterialEntity","","","","true","","","","","","","","","","Miltochrista miniata flava De Gr."
"https://doi.org/TEST/ZZX-X9D-W1P","","","","","","","","275660149","","","MaterialEntity","","","","true","","","","","","","","","","Euproctis similis Fuessly, 1775"
"https://doi.org/TEST/ZZX-W8T-T95","","","","","","","","728681870","","","MaterialEntity","","","","true","","","","","","","","","","Hydraecia micacea (Esper, 1789)"
"https://doi.org/TEST/ZZX-VZL-FSB","","","","","2020/05/23","","","1150773283","","","MaterialEntity","","","","true","","","","","","","","","","Appias nero palawanica (Staudinger, 1889)"
"https://doi.org/TEST/ZZX-TQK-LQ2","","","","","","","","122942139","","","MaterialEntity","","","","true","","","","","","","","","","Lepidoptera"
"https://doi.org/TEST/ZZX-SX7-2PX","","","","","","","","1356537961","","","MaterialEntity","","","","true","","","","","","","","","","Apamea remissa intermedia Tutt"
"https://doi.org/TEST/ZZX-Q7A-T8K","","","","","","","","1962836207","","","MaterialEntity","","","","true","","","","","","","","type","","Haliporus sibogae De Man, 1907"
"https://doi.org/TEST/ZZX-P6W-BWR","","","","","","","","-2033189062","","","MaterialEntity","","","","true","","","","","","","","","","Agrochola (Sunira) circellaris (Hufnagel 1766)"
"https://doi.org/TEST/ZZX-P53-KJP","","","","","","","","-660934503","","","MaterialEntity","","","","true","","","","","","","","","","Phalera bucephala (Linnaeus 1758)"
"https://doi.org/TEST/ZZX-N0Z-E0G","","","","","","","","521218654","","","MaterialEntity","","","","true","","","","","","","","","","Pandalus goniurus Stimpson"
"https://doi.org/TEST/ZZX-M5N-3GX","","","","","","","","1395137122","","","MaterialEntity","","","","true","","","","","","","","","","Lepidoptera"
"https://doi.org/TEST/ZZX-L55-2XR","","","","","","","","2124188545","","","MaterialEntity","","","","true","","","","","","","","","","Mythimna (Hyphilare) albipuncta italo-gallica Millière 1872"
"https://doi.org/TEST/ZZX-K83-HWV","","","","","","","","481695911","","","MaterialEntity","","","","true","","","","","","","","","","Liocarcinus holsatus (Fabricius, 1798)"
"https://doi.org/TEST/ZZX-JNW-JK6","","","","","","","","1123763405","","","MaterialEntity","","","","true","","","","","","","","","","Ophelia borealis Quatrefages, 1866"
"https://doi.org/TEST/ZZX-FT2-MRH","","","","","","","","-279675359","","","MaterialEntity","","","","true","","","","","","","","","","Cerura vinula Linnaeus, 1758"
"https://doi.org/TEST/ZZX-FAY-1S8","","","","","","","","-2000490436","","","MaterialEntity","","","","true","","","","","","","","","","Lepidoptera"
"https://doi.org/TEST/ZZX-F64-YHJ","","","","","","","","919051527","","","MaterialEntity","","","","true","","","","","","","","","","Grapsus strigosus (Herbst)"
"https://doi.org/TEST/ZZX-EL0-H95","","","","","","","","1424951733","","","MaterialEntity","","","","true","","","","","","","","","","Orthosia (Semiophora) gothica (Linnaeus 1758)"
"https://doi.org/TEST/ZZX-DNA-HS2","","","","","","","","1856807911","","","MaterialEntity","","","","true","","","","","","","","","","Synanthedon formicaeformis (Esper, 1783)"
"https://doi.org/TEST/ZZX-D0V-AY6","","","","","","","","261550251","","","MaterialEntity","","","","true","","","","","","","","syntype","","Caridina rouxi De Man, 1915"
"https://doi.org/TEST/ZZX-CRB-WPT","","","","","","","","-1224432602","","","MaterialEntity","","","","true","","","","","","","","","","Lepidoptera"
"https://doi.org/TEST/ZZX-8J0-MZL","","","","","","","","-1624558803","","","MaterialEntity","","","","true","","","","","","","","","","Lepidoptera"
"https://doi.org/TEST/ZZX-8GE-6FB","","","","","","","","-269303855","","","MaterialEntity","","","","true","","","","","","","","","","Saturnia pavonia (Linnaeus, 1758)"
"https://doi.org/TEST/ZZX-7AE-7P5","","","","","","","","-1891071332","","","MaterialEntity","","","","true","","","","","","","","","","Nola aerugula (Hübner 1793)"
"https://doi.org/TEST/ZZX-6BH-80Q","","","","","","","","1021975146","","","MaterialEntity","","","","true","","","","","","","","","","Orgyia antiqua Linnaeus 1758"
"https://doi.org/TEST/ZZX-275-6HB","","","","","","","","-1748802243","","","MaterialEntity","","","","true","","","","","","","","topotype","","Metaniphargus nicholsoni Shoemaker, 1959"
"https://doi.org/TEST/ZZX-11G-P2Q","","","","","","","","-1474739474","","","MaterialEntity","","","","true","","","","","","","","","","Lepidoptera"
"https://doi.org/TEST/ZZW-YBD-FRV","","","","","","","","2131564149","","","MaterialEntity","","","","true","","","","","","","","","","Dero (Aulophorus) furcatus"
"https://doi.org/TEST/ZZW-V2Q-J1V","","","","","","","","-762447378","","","MaterialEntity","","","","true","","","","","","","","","","Deilephila porcellus Linnaeus, 1758"
"https://doi.org/TEST/ZZW-R2D-ZAL","","","","","","","","-990514736","","","MaterialEntity","","","","true","","","","","","","","","","Lepidoptera"
"https://doi.org/TEST/ZZW-P74-R9B","","","","","","","","362121555","","","MaterialEntity","","","","true","","","","","","","","","","Cucullia asteris (Denis & Schiffermüller, 1775)"
"https://doi.org/TEST/ZZW-NA0-5D5","","","","","","","","-1049384035","","","MaterialEntity","","","","true","","","","","","","","","","Celaena leucostigma nigrobrunnea Bois-Reymond"
"https://doi.org/TEST/ZZW-N38-6L4","","","","","","","","1813068754","","","MaterialEntity","","","","true","","","","","","","","","","Macrobrachium equidens Dana"
"https://doi.org/TEST/ZZW-MYM-F6H","","","","","","","","965342843","","","MaterialEntity","","","","true","","","","","","","","","","Cucullia umbratica Linnaeus, 1758"
"https://doi.org/TEST/ZZW-MNT-R1E","","","","","","","","1542772768","","","MaterialEntity","","","","true","","","","","","","","","","Mythimna (Mythimna) pallens (Linnaeus 1758)"
"https://doi.org/TEST/ZZW-K6F-DM2","","","","","2014/01/01","","","-1325478871","","","MaterialEntity","","","","true","","","","","","","","","","Lepidoptera"
"https://doi.org/TEST/ZZW-EGG-XF5","","","","","","","","1624873963","","","MaterialEntity","","","","true","","","","","","","","","","Lepidoptera"
"https://doi.org/TEST/ZZW-CN9-VW1","","","","","","","","2033572409","","","MaterialEntity","","","","true","","","","","","","","","","Tholera cespitis F."
"https://doi.org/TEST/ZZW-B9D-ZEB","","","","","","","","-970760420","","","MaterialEntity","","","","true","","","","","","","","","","Sideridis rivularis (Fabricius 1775)"
"https://doi.org/TEST/ZZW-8RE-9J6","","","","","","","","1737930671","","","MaterialEntity","","","","true","","","","","","","","","","Lepidoptera"
"https://doi.org/TEST/ZZW-8NB-QHD","","","","","","","","-1229199614","","","MaterialEntity","","","","true","","","","","","","","","","Gammarus locusta (Linné)"
"https://doi.org/TEST/ZZW-8N1-CAK","","","","","","","","-1578572764","","","MaterialEntity","","","","true","","","","","","","","","","Appias"
"https://doi.org/TEST/ZZW-8GB-B8R","","","","","2017/07/31","","","-448302699","","","MaterialEntity","","","","true","","","","","","","","","","Papilio (Achillides) peranthus peranthus Fabricius, 1787"
"https://doi.org/TEST/ZZW-7WP-ZMH","","","","","","","","-2121755589","","","MaterialEntity","","","","true","","","","","","","","","","Arctiinae"
"https://doi.org/TEST/ZZW-7TE-L66","","","","","","","","1028568505","","","MaterialEntity","","","","true","","","","","","","","","","Catopsilia pyranthe pyranthe Linnaeus, 1758"
"https://doi.org/TEST/ZZW-7PM-S7X","","","","","","","","1755359491","","","MaterialEntity","","","","true","","","","","","","","","","Xaiva mcleayi (Barnard, 1947)"
"https://doi.org/TEST/ZZW-6PM-FNZ","","","","","","","","-887034428","","","MaterialEntity","","","","true","","","","","","","","","","Synanthedon vespiformis (Linnaeus, 1761)"
"https://doi.org/TEST/ZZW-5DT-3YX","","","","","","","","1895947144","","","MaterialEntity","","","","true","","","","","","","","","","Trachypenaeus pacificus Burkenroad, 1934"
"https://doi.org/TEST/ZZW-3SZ-Z2J","","","","","","","","836919299","","","MaterialEntity","","","","true","","","","","","","","","","Arctia caja lusitanica (Linnaeus, 1758)"
"https://doi.org/TEST/ZZW-3Q7-DT3","","","","","","","","-1941338973","","","MaterialEntity","","","","true","","","","","","","","","","Leuciacria acuta Rothschild & Jordan, 1905"
"https://doi.org/TEST/ZZW-38R-E2M","","","","","","","","-1942632648","","","MaterialEntity","","","","true","","","","","","","","","","Heterocrypta maltzami Miers, 1881"
"https://doi.org/TEST/ZZW-2VX-CQ3","","","","","","","","256549920","","","MaterialEntity","","","","true","","","","","","","","","","Lepidoptera"
"https://doi.org/TEST/ZZW-2J1-6BF","","","","","","","","532822506","","","MaterialEntity","","","","true","","","","","","","","","","Apoda limacodes (Hufnagel, 1766)"
"https://doi.org/TEST/ZZW-1VZ-MRR","","","","","2015/12/09","","","-1558718047","","","MaterialEntity","","","","true","","","","","","","","","","Rhopalocera"
"https://doi.org/TEST/ZZW-1HE-XJ2","","","","","2017/07/24","","","427897531","","","MaterialEntity","","","","true","","","","","","","","","","Hypolycaena phorbas (Fabricius, 1793)"
"https://doi.org/TEST/ZZW-1EZ-SST","","","","","","","","-581988068","","","MaterialEntity","","","","true","","","","","","","","","","Candona candida (O.F. Müller)"
"https://doi.org/TEST/ZZV-Y4M-2VY","","","","","","","","983392783","","","MaterialEntity","","","","true","","","","","","","","","","Rostronia stylirostris Holthuis, 1952"
"https://doi.org/TEST/ZZV-W5H-S4E","","","","","","","","-1650643411","","","MaterialEntity","","","","true","","","","","","","","","","Danaus"
"https://doi.org/TEST/ZZV-VAJ-ASS","","","","","","","","-1961173066","","","MaterialEntity","","","","true","","","","","","","","","","Lepidoptera"
"https://doi.org/TEST/ZZV-QVC-PP1","","","","","","","","943368574","","","MaterialEntity","","","","true","","","","","","","","","","Asteroscopus sphinx (Hufnagel 1766)"
"https://doi.org/TEST/ZZV-PMT-9BG","","","","","","","","-441488167","","","MaterialEntity","","","","true","","","","","","","","","","Aporia agathon Gray, 1832"
"https://doi.org/TEST/ZZV-NHQ-7Y2","","","","","","","","-641200186","","","MaterialEntity","","","","true","","","","","","","","","","Delias hyparete luzonensis Felder"
"https://doi.org/TEST/ZZV-LP3-E9C","","","","","2018/05/13","","","-513915458","","","MaterialEntity","","","","true","","","","","","","","","","Troides (Troides) helena helena (Linnaeus, 1758)"
"https://doi.org/TEST/ZZV-L92-4LE","","","","","","","","-973521384","","","MaterialEntity","","","","true","","","","","","","","","","Trichiura crataegi pallida (Linnaeus, 1758)"
"https://doi.org/TEST/ZZV-L6Y-9J2","","","","","","","","246682784","","","MaterialEntity","","","","true","","","","","","","","","","Prodajus ostendensis Gilson"
"https://doi.org/TEST/ZZV-KK5-L7R","","","","","","","","685974923","","","MaterialEntity","","","","true","","","","","","","","","","Danielocandona lieshoutae Broodbakker, 1983"
"https://doi.org/TEST/ZZV-H24-HLY","","","","","","","","947392885","","","MaterialEntity","","","","true","","","","","","","","","","Acronicta leporina melanocephala Mansb."
"https://doi.org/TEST/ZZV-GFY-W12","","","","","","","","1194270417","","","MaterialEntity","","","","true","","","","","","","","","","Polyura cognatus Snellen van Vollenhoven, 1861"
"https://doi.org/TEST/ZZV-DE0-JE0","","","","","","","","423804804","","","MaterialEntity","","","","true","","","","","","","","","","Gen. spec."
"https://doi.org/TEST/ZZV-D44-4BS","","","","","","","","-91590176","","","MaterialEntity","","","","true","","","","","","","","","","Euploea radamanthus (Fabricius)"
"https://doi.org/TEST/ZZV-AB8-C8A","","","","","","","","1934744750","","","MaterialEntity","","","","true","","","","","","","","","","Appias"
"https://doi.org/TEST/ZZV-8ZF-AV9","","","","","","","","2002670116","","","MaterialEntity","","","","true","","","","","","","","","","Catopsilia pyranthe pyranthe Linnaeus, 1758"
"https://doi.org/TEST/ZZV-8C5-K9Z","","","","","","","","-532073676","","","MaterialEntity","","","","true","","","","","","","","","","Ptilodon capucina Linnaeus, 1758"
"https://doi.org/TEST/ZZV-6R8-5YN","","","","","","","","-832796052","","","MaterialEntity","","","","true","","","","","","","","","","Lepidoptera"
"https://doi.org/TEST/ZZV-5LW-3XF","","","","","","","","1333610783","","","MaterialEntity","","","","true","","","","","","","","","","Calappa tuberculata Fabr."
"https://doi.org/TEST/ZZV-48X-PK8","","","","","","","","-175381987","","","MaterialEntity","","","","true","","","","","","","","","","Thaumetopoea processionea Linnaeus, 1758"
"https://doi.org/TEST/ZZV-3FH-A6N","","","","","","","","-963170824","","","MaterialEntity","","","","true","","","","","","","","","","Mesapamea secalis (Linnaeus 1758)"
"https://doi.org/TEST/ZZV-1YG-B05","","","","","","","","-803201149","","","MaterialEntity","","","","true","","","","","","","","","","Eupsilia transversa (Hufnagel 1766)"
"https://doi.org/TEST/ZZV-1XH-CBK","","","","","","","","-2024833877","","","MaterialEntity","","","","true","","","","","","","","","","Lepidoptera"
"https://doi.org/TEST/ZZV-1L0-TGW","","","","","","","","683463663","","","MaterialEntity","","","","true","","","","","","","","","","Decapoda"
"https://doi.org/TEST/ZZT-ZG9-D7J","","","","","","","","1136962789","","","MaterialEntity","","","","true","","","","","","","","","","Dugesia uenorum Kawakatsu & Mitchell, 1995"
"https://doi.org/TEST/ZZT-YVY-YL5","","","","","","","","1457948946","","","MaterialEntity","","","","true","","","","","","","","","","Lepidoptera"
"https://doi.org/TEST/ZZT-T86-1SE","","","","","","","","1970031037","","","MaterialEntity","","","","true","","","","","","","","","","Graphium (eurypylus) pamphylus C. R. Fld, 1864"
"https://doi.org/TEST/ZZT-SS9-DXX","","","","","","","","-2131697564","","","MaterialEntity","","","","true","","","","","","","","","","Rhizocephala"
"https://doi.org/TEST/ZZT-S7P-J9V","","","","","","","","1650936445","","","MaterialEntity","","","","true","","","","","","","","","","Neomysis integer (Leach, 1814)"
"https://doi.org/TEST/ZZT-R1Z-VYB","","","","","","","","-2109131506","","","MaterialEntity","","","","true","","","","","","","","","","Lepidoptera"
"https://doi.org/TEST/ZZT-QRC-A5Z","","","","","","","","-1449373151","","","MaterialEntity","","","","true","","","","","","","","","","Orthosia gothica brunnea Tutt"
"https://doi.org/TEST/ZZT-MGN-ZFJ","","","","","","","","-137913893","","","MaterialEntity","","","","true","","","","","","","","","","Papilio polytes theseus Cramer, 1776"
"https://doi.org/TEST/ZZT-MBT-NNQ","","","","","","","","-1583209094","","","MaterialEntity","","","","true","","","","","","","","","","Mesapamea secalella secalina HG."
"https://doi.org/TEST/ZZT-LKW-SDY","","","","","","","","-1787755950","","","MaterialEntity","","","","true","","","","","","","","","","Atyaephyra desmarestii (Millet, 1831)"
"https://doi.org/TEST/ZZT-HZV-QBE","","","","","","","","-1173250294","","","MaterialEntity","","","","true","","","","","","","","","","Ochropacha duplaris (Linnaeus 1761)"
"https://doi.org/TEST/ZZT-HKZ-ERD","","","","","","","","-1026046814","","","MaterialEntity","","","","true","","","","","","","","","","Lepidoptera"
"https://doi.org/TEST/ZZT-HEZ-JRM","","","","","","","","1017035901","","","MaterialEntity","","","","true","","","","","","","","","","Tetheella fluctuosa (Hübner 1803)"
"https://doi.org/TEST/ZZT-G57-TJH","","","","","","","","-1469274921","","","MaterialEntity","","","","true","","","","","","","","","","Notodonta tritophus (Denis & Schiffermuller 1775)"
"https://doi.org/TEST/ZZT-FK0-4N4","","","","","","","","-1327921636","","","MaterialEntity","","","","true","","","","","","","","","","Echinogammarus stammeri (S. Karaman, 1931)"
"https://doi.org/TEST/ZZT-FDH-VGF","","","","","","","","-581204503","","","MaterialEntity","","","","true","","","","","","","","","","Zygaena filipendulae limmenica (Linnaeus, 1758)"
"https://doi.org/TEST/ZZT-BLD-738","","","","","","","","-372720758","","","MaterialEntity","","","","true","","","","","","","","","","Lepidoptera"
"https://doi.org/TEST/ZZT-AV2-BZD","","","","","","","","228646613","","","MaterialEntity","","","","true","","","","","","","","","","Lepidoptera"
"https://doi.org/TEST/ZZT-AMG-ZWF","","","","","","","","1111169251","","","MaterialEntity","","","","true","","","","","","","","","","Acrophtalmia artemis chione Felder"
"https://doi.org/TEST/ZZT-A1L-97L","","","","","","","","-1928677506","","","MaterialEntity","","","","true","","","","","","","","","","Agrotis exclamationis (Linnaeus, 1758)"
"https://doi.org/TEST/ZZT-806-WC6","","","","","","","","-446839380","","","MaterialEntity","","","","true","","","","","","","","","","Lepidoptera"
"https://doi.org/TEST/ZZT-4V6-4DN","","","","","","","","-1830119194","","","MaterialEntity","","","","true","","","","","","","","","","Lepidoptera"
"https://doi.org/TEST/ZZT-27E-8E6","","","","","","","","-908653515","","","MaterialEntity","","","","true","","","","","","","","","","Lepidoptera"
"https://doi.org/TEST/ZZT-0HY-QZB","","","","","","","","-1453831439","","","MaterialEntity","","","","true","","","","","","","","","","Lasiocampa (Lasiocampa) quercus (Linnaeus, 1758)"
"https://doi.org/TEST/ZZS-XGP-4NY","","","","","","","","132796859","","","MaterialEntity","","","","true","","","","","","","","","","Lepidoptera"
"https://doi.org/TEST/ZZS-VEX-7CN","","","","","","","","-1833773616","","","MaterialEntity","","","","true","","","","","","","","","","Trichiura crataegi fasciata Linnaeus, 1758"
"https://doi.org/TEST/ZZS-NVA-M8N","","","","","","","","-604565078","","","MaterialEntity","","","","true","","","","","","","","","","Elymnias agondas australiana Fruhstorfer"
"https://doi.org/TEST/ZZS-NJQ-1G3","","","","","","","","-2019302761","","","MaterialEntity","","","","true","","","","","","","","paratype","","Serpula indica Parab, P.P. & Gaikwad, U.D.,1989"
"https://doi.org/TEST/ZZS-JG3-5TE","","","","","","","","1799536875","","","MaterialEntity","","","","true","","","","","","","","type","","Baseodiscus melanogramma Punnett"
"https://doi.org/TEST/ZZS-J1V-3XW","","","","","","","","1899422700","","","MaterialEntity","","","","true","","","","","","","","","","Orthosia gothica rufescens Tutt"
"https://doi.org/TEST/ZZS-GWD-793","","","","","","","","467198321","","","MaterialEntity","","","","true","","","","","","","","","","Astictopterus lamprospilus lamprospilus Felder"
"https://doi.org/TEST/ZZS-GPA-4XT","","","","","","","","1468893821","","","MaterialEntity","","","","true","","","","","","","","","","Euthalia alpheda numerica Weymer"
"https://doi.org/TEST/ZZS-GFB-XX1","","","","","","","","1399736786","","","MaterialEntity","","","","true","","","","","","","","","","Melitaea agar Oberthür, 1888"
"https://doi.org/TEST/ZZS-GD3-GQD","","","","","","","","-1887796981","","","MaterialEntity","","","","true","","","","","","","","","","Lepidoptera"
"https://doi.org/TEST/ZZS-DHE-FP0","","","","","","","","176990373","","","MaterialEntity","","","","true","","","","","","","","","","Nymphalidae"
"https://doi.org/TEST/ZZS-C4C-MM4","","","","","","","","50061846","","","MaterialEntity","","","","true","","","","","","","","","","Cryptocotyle concava (Creplin, 1825)"
"https://doi.org/TEST/ZZS-AQP-8KP","","","","","","","","-453554720","","","MaterialEntity","","","","true","","","","","","","","","","Lepidoptera"
"https://doi.org/TEST/ZZS-A19-JFR","","","","","","","","412166269","","","MaterialEntity","","","","true","","","","","","","","","","Hypolimnas alimena eremita Butler, 1883"
"https://doi.org/TEST/ZZS-9CN-6BA","","","","","2015/12/09","","","241768908","","","MaterialEntity","","","","true","","","","","","","","","","Rhopalocera"
"https://doi.org/TEST/ZZS-98X-7EG","","","","","","","","1582561013","","","MaterialEntity","","","","true","","","","","","","","","","Notodonta dromedarius Linnaeus, 1767"
"https://doi.org/TEST/ZZS-8C4-8ZS","","","","","","","","1381559042","","","MaterialEntity","","","","true","","","","","","","","","","Axylia putris (Linnaeus 1761)"
"https://doi.org/TEST/ZZS-6VE-9Q9","","","","","","","","-64871244","","","MaterialEntity","","","","true","","","","","","","","","","Elaphria venustula (Hübner 1790)"
"https://doi.org/TEST/ZZS-682-WGN","","","","","","","","-968802048","","","MaterialEntity","","","","true","","","","","","","","","","Papilio aegeus ormenus  f. leporina Jordan, 1909"
"https://doi.org/TEST/ZZS-666-BBG","","","","","","","","1657445213","","","MaterialEntity","","","","true","","","","","","","","","","Appias"
"https://doi.org/TEST/ZZS-48K-Q5W","","","","","","","","996972253","","","MaterialEntity","","","","true","","","","","","","","","","Decapoda"
"https://doi.org/TEST/ZZS-12X-WSQ","","","","","","","","-1371716650","","","MaterialEntity","","","","true","","","","","","","","","","Ornithoptera priamus poseidon Doubleday, 1847"
"https://doi.org/TEST/ZZR-ZY5-6CR","","","","","","","","-335783914","","","MaterialEntity","","","","true","","","","","","","","","","Pelosia muscerda (Hufnagel, 1766)"
"https://doi.org/TEST/ZZR-WK1-60T","","","","","","","","1956217229","","","MaterialEntity","","","","true","","","","","","","","","","Euproctis similis Fuessly, 1775"
"https://doi.org/TEST/ZZR-WGR-B0K","","","","","","","","599281097","","","MaterialEntity","","","","true","","","","","","","","","","Lepidoptera"
"https://doi.org/TEST/ZZR-VZA-Q9Y","","","","","","","","1760970625","","","MaterialEntity","","","","true","","","","","","","","","","Tiarinia cornigera (Latreille, 1825)"
"https://doi.org/TEST/ZZR-SQ1-J6Z","","","","","","","","890558395","","","MaterialEntity","","","","true","","","","","","","","","","Lepidoptera"
"https://doi.org/TEST/ZZR-SCS-0YB","","","","","","","","-751667427","","","MaterialEntity","","","","true","","","","","","","","","","Pseudoips prasinana (Linnaeus 1758)"
"https://doi.org/TEST/ZZR-RMF-GKM","","","","","","","","-680342012","","","MaterialEntity","","","","true","","","","","","","","","","Atrophaneura semperi semperi C. & R. Felder, 1861"
"https://doi.org/TEST/ZZR-PWZ-C0L","","","","","","","","-647044588","","","MaterialEntity","","","","true","","","","","","","","","","Lepidoptera"
"https://doi.org/TEST/ZZR-NQX-HEZ","","","","","","","","1844106910","","","MaterialEntity","","","","true","","","","","","","","","","Eilema deplana (Esper, 1787)"
"https://doi.org/TEST/ZZR-N6N-EZG","","","","","","","","1348075554","","","MaterialEntity","","","","true","","","","","","","","","","Habrosyne pyritoides Hufnagel, 1766"
"https://doi.org/TEST/ZZR-GRR-ED2","","","","","","","","-1569866644","","","MaterialEntity","","","","true","","","","","","","","","","Apamea remissa obscura Haworth, 1809"
"https://doi.org/TEST/ZZR-GAA-GWC","","","","","","","","529606425","","","MaterialEntity","","","","true","","","","","","","","","","Gortyna flavago (Denis & Schiffermüller 1775)"
"https://doi.org/TEST/ZZR-G09-48P","","","","","","","","369855011","","","MaterialEntity","","","","true","","","","","","","","","","Herminia tarsipennalis (Treitschke 1835)"
"https://doi.org/TEST/ZZR-FXC-REZ","","","","","","","","-1416376979","","","MaterialEntity","","","","true","","","","","","","","","","Melitaea agar Oberthür, 1888"
"https://doi.org/TEST/ZZR-EFM-FWQ","","","","","","","","1621012350","","","MaterialEntity","","","","true","","","","","","","","","","Lepidoptera"
"https://doi.org/TEST/ZZR-DZ5-EMH","","","","","","","","1933573772","","","MaterialEntity","","","","true","","","","","","","","","","Peridea anceps (Goeze 1781)"
"https://doi.org/TEST/ZZR-D76-D31","","","","","","","","-1947244895","","","MaterialEntity","","","","true","","","","","","","","","","Clostera curtula Linnaeus, 1758"
"https://doi.org/TEST/ZZR-CBG-DAF","","","","","","","","-261769696","","","MaterialEntity","","","","true","","","","","","","","","","Ornithoptera croesus Croesus Lydius (Felder & Felder, 1865)"
"https://doi.org/TEST/ZZR-8HQ-TN7","","","","","","","","-1051180183","","","MaterialEntity","","","","true","","","","","","","","","","Cyrestis acilia tervisia Fruhstorfer"
"https://doi.org/TEST/ZZR-7AQ-BQS","","","","","","","","-1339235627","","","MaterialEntity","","","","true","","","","","","","","","","Lepidoptera"
"https://doi.org/TEST/ZZR-6PC-5K3","","","","","","","","-1710248078","","","MaterialEntity","","","","true","","","","","","","","","","Amata phegea (Linnaeus, 1758)"
"https://doi.org/TEST/ZZR-6D5-B52","","","","","","","","-543733558","","","MaterialEntity","","","","true","","","","","","","","","","Orthosia gothica variegata Tutt"
"https://doi.org/TEST/ZZQ-ZGW-AEQ","","","","","","","","-560403225","","","MaterialEntity","","","","true","","","","","","","","","","Tanaecia palguna Moore, 1858"
"https://doi.org/TEST/ZZQ-YGL-8HS","","","","","","","","202564889","","","MaterialEntity","","","","true","","","","","","","","","","Euploea phaenareta hollandi Fruhstorfer, 1903"
"https://doi.org/TEST/ZZQ-YEQ-SX9","","","","","","","","-711990854","","","MaterialEntity","","","","true","","","","","","","","","","Eurema hecabe (Linnaeus, 1758)(Linnaeus, 1758)"
"https://doi.org/TEST/ZZQ-YA0-EMY","","","","","","","","315227639","","","MaterialEntity","","","","true","","","","","","","","","","Parides erithalion erlaces Gray, 1853"
"https://doi.org/TEST/ZZQ-WY7-H3R","","","","","","","","956779229","","","MaterialEntity","","","","true","","","","","","","","","","Liocarcinus marmoreus (Leach, 1814)"
"https://doi.org/TEST/ZZQ-VJK-AY6","","","","","","","","1567915121","","","MaterialEntity","","","","true","","","","","","","","","","Koruthaialos rubecula verona"
"https://doi.org/TEST/ZZQ-RSG-JMY","","","","","","","","-996267332","","","MaterialEntity","","","","true","","","","","","","","","","Anarta myrtilli rufescens Tutt."
"https://doi.org/TEST/ZZQ-Q5V-WS8","","","","","","","","1235735144","","","MaterialEntity","","","","true","","","","","","","","","","Lexias aeropa aeropa (Linnaeus)"
"https://doi.org/TEST/ZZQ-PR2-EAS","","","","","","","","932244971","","","MaterialEntity","","","","true","","","","","","","","","","Cepora iudith oberthueri (Röber)"
"https://doi.org/TEST/ZZQ-PFW-GEZ","","","","","2017/02/25","","","-1319187678","","","MaterialEntity","","","","true","","","","","","","","","","Papilio (Menelaides) polytes javanus Felder, 1864"
"https://doi.org/TEST/ZZQ-PBE-61N","","","","","","","","-235305771","","","MaterialEntity","","","","true","","","","","","","","","","Cirrochroa aoris jiraria Swinhoe"
"https://doi.org/TEST/ZZQ-NXM-KVG","","","","","2015/12/09","","","431523088","","","MaterialEntity","","","","true","","","","","","","","","","Rhopalocera"
"https://doi.org/TEST/ZZQ-MDP-LGC","","","","","","","","2022870208","","","MaterialEntity","","","","true","","","","","","","","","","Eriphia verrucosa (Forskål, 1775)"
"https://doi.org/TEST/ZZQ-LEC-MDS","","","","","","","","-2033002845","","","MaterialEntity","","","","true","","","","","","","","","","Eilema complana (Linnaeus, 1758)"
"https://doi.org/TEST/ZZQ-JJD-HJV","","","","","","","","1516885697","","","MaterialEntity","","","","true","","","","","","","","","","Lepidoptera"
"https://doi.org/TEST/ZZQ-GQ0-CMC","","","","","","","","-1790161451","","","MaterialEntity","","","","true","","","","","","","","","","Papilio peranthus peranthus Fabricius"
"https://doi.org/TEST/ZZQ-F59-6GB","","","","","","","","1438688886","","","MaterialEntity","","","","true","","","","","","","","","","Euphrosyne obiensis n.sp"
"https://doi.org/TEST/ZZQ-DMV-7ED","","","","","","","","-2002191817","","","MaterialEntity","","","","true","","","","","","","","","","Pareronia lutescens leona Fruhstorfer, 1902"
"https://doi.org/TEST/ZZQ-BG0-8KC","","","","","","","","-1366255175","","","MaterialEntity","","","","true","","","","","","","","","","Corystes cassivelaunus Pennant"
"https://doi.org/TEST/ZZQ-B0G-2NM","","","","","","","","1467649885","","","MaterialEntity","","","","true","","","","","","","","","","Cerura vinula Linnaeus, 1758"
"https://doi.org/TEST/ZZQ-9YH-X6Q","","","","","","","","-1713676207","","","MaterialEntity","","","","true","","","","","","","","","","Polia bombycina (Hufnagel 1766)"
"https://doi.org/TEST/ZZQ-5P0-9DP","","","","","","","","-1312604269","","","MaterialEntity","","","","true","","","","","","","","","","Lepidoptera"
"https://doi.org/TEST/ZZQ-5BJ-DRN","","","","","","","","-298882945","","","MaterialEntity","","","","true","","","","","","","","","","Amphipoea oculea (Linnaeus 1761)"
"https://doi.org/TEST/ZZQ-56H-KJQ","","","","","","","","831519097","","","MaterialEntity","","","","true","","","","","","","","","","Tethea ocularis frankii Bgl."
"https://doi.org/TEST/ZZQ-50D-Z45","","","","","","","","671112181","","","MaterialEntity","","","","true","","","","","","","","","","Lumbricus variegatus ? Müller, 1774"
"https://doi.org/TEST/ZZQ-4G1-DWW","","","","","","","","1073746443","","","MaterialEntity","","","","true","","","","","","","","","","Eunice vittata (delle Chiaje, S.,1828)"
"https://doi.org/TEST/ZZQ-4AW-B33","","","","","","","","1877096372","","","MaterialEntity","","","","true","","","","","","","","","","Parnassius Latreille, 1804"
"https://doi.org/TEST/ZZQ-3QQ-WW2","","","","","","","","-1233412042","","","MaterialEntity","","","","true","","","","","","","","","","Lepidoptera"
"https://doi.org/TEST/ZZQ-2N9-4DZ","","","","","","","","-699498553","","","MaterialEntity","","","","true","","","","","","","","","","Sphinx pinastri Linnaeus, 1758"
"https://doi.org/TEST/ZZQ-1Y7-768","","","","","","","","-622004473","","","MaterialEntity","","","","true","","","","","","","","","","Lymantria dispar (Linnaeus, 1758)"
"https://doi.org/TEST/ZZQ-0V6-XR1","","","","","","","","-1501961959","","","MaterialEntity","","","","true","","","","","","","","","","Pachliopta polyphontes polyphontes Boisduval, 1836"
"https://doi.org/TEST/ZZP-YC9-CJL","","","","","","","","1370048554","","","MaterialEntity","","","","true","","","","","","","","","","Hada plebeja Rbl"
"https://doi.org/TEST/ZZP-XC8-QHG","","","","","","","","-1111936379","","","MaterialEntity","","","","true","","","","","","","","","","Lepidoptera"
"https://doi.org/TEST/ZZP-VKS-BDB","","","","","","","","-1263463764","","","MaterialEntity","","","","true","","","","","","","","","","Eupsilia transversa rufosatellitia (Tutt)"
"https://doi.org/TEST/ZZP-R7F-QTF","","","","","","","","1115287812","","","MaterialEntity","","","","true","","","","","","","","","","Lepidoptera"
"https://doi.org/TEST/ZZP-NQR-0ZV","","","","","","","","-443364811","","","MaterialEntity","","","","true","","","","","","","","","","Papilio palinurus palinurus Fabricius, 1787"
"https://doi.org/TEST/ZZP-GPN-Z3Y","","","","","","","","-723875403","","","MaterialEntity","","","","true","","","","","","","","","","Sunaristes dardani Humes & Ho"
"https://doi.org/TEST/ZZP-F3F-RKC","","","","","","","","-1080329774","","","MaterialEntity","","","","true","","","","","","","","","","Dugesia japonica Ichikawa & Kawakatsu, 1964"
"https://doi.org/TEST/ZZP-E1M-7DS","","","","","","","","255999661","","","MaterialEntity","","","","true","","","","","","","","","","Pandalus montagui Leach, 1814"
"https://doi.org/TEST/ZZP-5J9-EDE","","","","","","","","1847703706","","","MaterialEntity","","","","true","","","","","","","","","","Lepidoptera"
"https://doi.org/TEST/ZZP-384-P1V","","","","","","","","-742281732","","","MaterialEntity","","","","true","","","","","","","","","","Caridina fossarum (Heller, 1862)"
"https://doi.org/TEST/ZZP-2V5-6M8","","","","","2018/01/20","","","-608590883","","","MaterialEntity","","","","true","","","","","","","","","","Atrophaneura (Losaria) coon coon (Fabricius, 1793)"
"https://doi.org/TEST/ZZP-0KR-F6F","","","","","","","","-1495176075","","","MaterialEntity","","","","true","","","","","","","","","","Lepidoptera"
"https://doi.org/TEST/ZZN-ZDG-T80","","","","","","","","-297207449","","","MaterialEntity","","","","true","","","","","","","","","","Pachetra sagittigera (Hufnagel, 1766)"
"https://doi.org/TEST/ZZN-Z7W-1WH","","","","","","","","-2140155126","","","MaterialEntity","","","","true","","","","","","","","","","Lepidoptera"
"https://doi.org/TEST/ZZN-YAX-6RZ","","","","","","","","-1915912642","","","MaterialEntity","","","","true","","","","","","","","","","Euproctis chrysorrhoea Linnaeus, 1758"
"https://doi.org/TEST/ZZN-TZ0-65L","","","","","","","","505512621","","","MaterialEntity","","","","true","","","","","","","","","","Araschnia levana Linnaeus, 1758"
"https://doi.org/TEST/ZZN-TKR-372","","","","","","","","1832560543","","","MaterialEntity","","","","true","","","","","","","","","","Lepidoptera"
"https://doi.org/TEST/ZZN-QJL-1Q7","","","","","","","","-1822890923","","","MaterialEntity","","","","true","","","","","","","","","","Clibanarius tricolor (Gibbes, 1850)"
"https://doi.org/TEST/ZZN-QA4-GMQ","","","","","","","","930819605","","","MaterialEntity","","","","true","","","","","","","","","","Lepidoptera"
"https://doi.org/TEST/ZZN-PV2-VMV","","","","","","","","-759610819","","","MaterialEntity","","","","true","","","","","","","","","","Sacculina"
"https://doi.org/TEST/ZZN-MNT-HW6","","","","","","","","1954510392","","","MaterialEntity","","","","true","","","","","","","","","","Lepidoptera"
"https://doi.org/TEST/ZZN-M52-D9W","","","","","2015/12/09","","","-81296246","","","MaterialEntity","","","","true","","","","","","","","","","Rhopalocera"
"https://doi.org/TEST/ZZN-JXR-NN4","","","","","","","","-282910330","","","MaterialEntity","","","","true","","","","","","","","","","Lepidoptera"
"https://doi.org/TEST/ZZN-JAX-6YE","","","","","","","","1124618153","","","MaterialEntity","","","","true","","","","","","","","","","Lepidoptera"
"https://doi.org/TEST/ZZN-HE1-QN8","","","","","","","","1355481533","","","MaterialEntity","","","","true","","","","","","","","","","Munidopsis armata (A. Milne Edwards, 1880)"
"https://doi.org/TEST/ZZN-H4F-CK2","","","","","","","","1626255155","","","MaterialEntity","","","","true","","","","","","","","","","Xanthia togata Esper 1788"
"https://doi.org/TEST/ZZN-CKM-LKG","","","","","","","","-1873063422","","","MaterialEntity","","","","true","","","","","","","","","","Sphinx pinastri Linnaeus, 1758"
"https://doi.org/TEST/ZZN-ASK-XCQ","","","","","","","","-955952928","","","MaterialEntity","","","","true","","","","","","","","","","Orthosia incerta pallida (Lpa)"
"https://doi.org/TEST/ZZN-6VX-M53","","","","","","","","-965166202","","","MaterialEntity","","","","true","","","","","","","","","","Elasmopus spec. Costa"
"https://doi.org/TEST/ZZN-6C8-BBE","","","","","","","","675161641","","","MaterialEntity","","","","true","","","","","","","","","","Apamea crenata nigrorubida Tutt"
"https://doi.org/TEST/ZZN-67N-ZDK","","","","","","","","551105230","","","MaterialEntity","","","","true","","","","","","","","","","Pheosia gnoma (Fabricius 1776)"
"https://doi.org/TEST/ZZN-5ZC-AGY","","","","","","","","-1271222169","","","MaterialEntity","","","","true","","","","","","","","","","Lepidoptera"
"https://doi.org/TEST/ZZN-5KW-PF5","","","","","","","","-374408860","","","MaterialEntity","","","","true","","","","","","","","","","Agrotis segetum (Denis & Schiffermüller, 1775)"
"https://doi.org/TEST/ZZN-4AS-VZA","","","","","","","","220781409","","","MaterialEntity","","","","true","","","","","","","","","","Caradrina (Caradrina) morpheus (Hufnagel, 1766)"
"https://doi.org/TEST/ZZN-3FR-NA2","","","","","","","","-2010051366","","","MaterialEntity","","","","true","","","","","","","","","","Craniophora ligustri (Denis & Schiffermüller, 1775)"
"https://doi.org/TEST/ZZN-2V8-1VG","","","","","","","","-1828117836","","","MaterialEntity","","","","true","","","","","","","","","","Lepidoptera"
"https://doi.org/TEST/ZZN-0TX-YCK","","","","","2017/07/27","","","-183117664","","","MaterialEntity","","","","true","","","","","","","","","","Graphium (Graphium) evemon evemon (Boisduval, 1836)"
"https://doi.org/TEST/ZZN-0SA-ALW","","","","","","","","-753920955","","","MaterialEntity","","","","true","","","","","","","","","","Parnara subochracaea Moore"
"https://doi.org/TEST/ZZM-XC3-J3L","","","","","","","","1426271321","","","MaterialEntity","","","","true","","","","","","","","","","Oniscus asellus Linnaeus"
"https://doi.org/TEST/ZZM-WYX-KJX","","","","","","","","-1952474994","","","MaterialEntity","","","","true","","","","","","","","","","Chilodes maritima Tauscher 1806"
"https://doi.org/TEST/ZZM-WCB-R1D","","","","","","","","-1475055656","","","MaterialEntity","","","","true","","","","","","","","","","Lepidoptera"
"https://doi.org/TEST/ZZM-VNB-N7F","","","","","","","","-2068476735","","","MaterialEntity","","","","true","","","","","","","","","","Mamestra brassicae (Linnaeus, 1758)"
"https://doi.org/TEST/ZZM-V70-WGG","","","","","","","","1249436627","","","MaterialEntity","","","","true","","","","","","","","","","Notodonta dromedarius Linnaeus, 1767"
"https://doi.org/TEST/ZZM-V4Z-ATW","","","","","","","","256192395","","","MaterialEntity","","","","true","","","","","","","","","","Palaemonetes intermedius Holthuis"
"https://doi.org/TEST/ZZM-T5M-LKN","","","","","","","","-34239963","","","MaterialEntity","","","","true","","","","","","","","","","Udaspes folus Cramer"
"https://doi.org/TEST/ZZM-S0W-2E4","","","","","","","","493097639","","","MaterialEntity","","","","true","","","","","","","","","","Orconectes limosus (Rafinesque, 1819)"
"https://doi.org/TEST/ZZM-PLN-L3G","","","","","","","","-1777892016","","","MaterialEntity","","","","true","","","","","","","","","","Diacrisia sannio (Linnaeus, 1758)"
"https://doi.org/TEST/ZZM-N7P-FZT","","","","","","","","-1012345485","","","MaterialEntity","","","","true","","","","","","","","","","Arctiinae"
"https://doi.org/TEST/ZZM-MR4-R15","","","","","","","","-82363505","","","MaterialEntity","","","","true","","","","","","","","","","Mamestra brassicae (Linnaeus, 1758)"
"https://doi.org/TEST/ZZM-M3E-KZF","","","","","","","","195643270","","","MaterialEntity","","","","true","","","","","","","","","","Cnephasia asseclana D&S"
"https://doi.org/TEST/ZZM-LCX-J71","","","","","","","","-1924993386","","","MaterialEntity","","","","true","","","","","","","","","","Pharyngostrongylus sp."
"https://doi.org/TEST/ZZM-JVR-QXR","","","","","","","","-1805452973","","","MaterialEntity","","","","true","","","","","","","","","","S. serratodentata"
"https://doi.org/TEST/ZZM-JR2-6NF","","","","","","","","-2019553459","","","MaterialEntity","","","","true","","","","","","","","","","Lacanobia oleracea (Linnaeus, 1758)"
"https://doi.org/TEST/ZZM-F2K-SJ6","","","","","","","","-146943315","","","MaterialEntity","","","","true","","","","","","","","","","Inachis io Linnaeus, 1758"
"https://doi.org/TEST/ZZM-E6W-X0R","","","","","","","","-142966619","","","MaterialEntity","","","","true","","","","","","","","","","Lepidoptera"
"https://doi.org/TEST/ZZM-BL6-NBZ","","","","","","","","2142061479","","","MaterialEntity","","","","true","","","","","","","","","","Lepidoptera"
"https://doi.org/TEST/ZZM-A12-9NP","","","","","","","","571674704","","","MaterialEntity","","","","true","","","","","","","","","","Catocala nupta (Linnaeus, 1767)"
"https://doi.org/TEST/ZZM-9AL-JWC","","","","","","","","1714338899","","","MaterialEntity","","","","true","","","","","","","","","","Malacosoma neustria (Linnaeus, 1758)"
"https://doi.org/TEST/ZZM-6NB-8LQ","","","","","","","","-1781588008","","","MaterialEntity","","","","true","","","","","","","","","","Hirudo medicinalis"
"https://doi.org/TEST/ZZM-6AJ-1PF","","","","","","","","1233683753","","","MaterialEntity","","","","true","","","","","","","","","","Watsonalla binaria Hufnagel 1767"
"https://doi.org/TEST/ZZM-5JQ-3XH","","","","","","","","-1942327461","","","MaterialEntity","","","","true","","","","","","","","","","Caradrina (Paradrina) clavipalpis Scopoli, 1763"
"https://doi.org/TEST/ZZM-34E-X1V","","","","","","","","1525080801","","","MaterialEntity","","","","true","","","","","","","","","","Nola holsatica (Sauber, 1916)"
"https://doi.org/TEST/ZZM-23W-AA5","","","","","","","","-2068268061","","","MaterialEntity","","","","true","","","","","","","","","","Eurythoe spec."
"https://doi.org/TEST/ZZM-1V8-2Y1","","","","","","","","-678139814","","","MaterialEntity","","","","true","","","","","","","","","","Magelona papillicornis Müller F., 1858"
"https://doi.org/TEST/ZZM-08T-RHS","","","","","","","","-661446184","","","MaterialEntity","","","","true","","","","","","","","","","Herminia tarsicrinalis (Knoch 1782)"
"https://doi.org/TEST/ZZL-ZK7-74N","","","","","","","","-418469973","","","MaterialEntity","","","","true","","","","","","","","","","Mesoligia furuncula centrifasciata Lempke, 1965"
"https://doi.org/TEST/ZZL-YR7-YPX","","","","","","","","-1932609498","","","MaterialEntity","","","","true","","","","","","","","","","Apamea oblonga unicolor (Haworth 1809)"
"https://doi.org/TEST/ZZL-WKR-RGV","","","","","","","","1632926835","","","MaterialEntity","","","","true","","","","","","","","","","Lepidoptera"
"https://doi.org/TEST/ZZL-SA4-ADE","","","","","","","","3961476","","","MaterialEntity","","","","true","","","","","","","","","","Appias pandione (Geyer)"
"https://doi.org/TEST/ZZL-RW5-JAS","","","","","2015/12/09","","","1380331919","","","MaterialEntity","","","","true","","","","","","","","","","Lepidoptera"
"https://doi.org/TEST/ZZL-QVX-SC6","","","","","","","","274377429","","","MaterialEntity","","","","true","","","","","","","","","","Amata phegea (Linnaeus 1758)"
"https://doi.org/TEST/ZZL-KNF-KQK","","","","","","","","469400482","","","MaterialEntity","","","","true","","","","","","","","","","Pechipogo strigilata (Linnaeus 1758)"
"https://doi.org/TEST/ZZL-KKF-529","","","","","","","","-493287429","","","MaterialEntity","","","","true","","","","","","","","","","Echinogammarus sicilianus Karaman & Tibaldi, 1972"
"https://doi.org/TEST/ZZL-HN5-W2B","","","","","","","","-2052703769","","","MaterialEntity","","","","true","","","","","","","","","","Tetheella fluctuosa (Hübner, 1803)"
"https://doi.org/TEST/ZZL-DQG-RVA","","","","","","","","2096597110","","","MaterialEntity","","","","true","","","","","","","","","","Graphiphora augur protensa Lpk."
"https://doi.org/TEST/ZZL-B3T-D69","","","","","","","","2068246934","","","MaterialEntity","","","","true","","","","","","","","","","Lepidoptera"
"https://doi.org/TEST/ZZL-B0C-NJ8","","","","","","","","1235433237","","","MaterialEntity","","","","true","","","","","","","","","","Lepidoptera"
"https://doi.org/TEST/ZZL-97D-9VD","","","","","","","","1440783193","","","MaterialEntity","","","","true","","","","","","","","holotype","","Undinella acuta Von Vaupel Klein, 1970"
