"IDENTIFIER","IDENTIFIERLANGUAGE","IDENTIFIERTYPE","IDENTIFIERTYPEIRI","IDENTIFIERTYPEVOCABULARY","MATERIALENTITYID"
"https://data.biodiversitydata.nl/naturalis/specimen/ZMA.AVES.1014","","dwc:occurrenceID","","","https://data.biodiversitydata.nl/naturalis/specimen/ZMA.AVES.1014"
"https://data.biodiversitydata.nl/naturalis/specimen/RMNH.AVES.78854","","dwc:occurrenceID","","","https://data.biodiversitydata.nl/naturalis/specimen/RMNH.AVES.78854"
"https://data.biodiversitydata.nl/naturalis/specimen/RMNH.AVES.34302","","dwc:occurrenceID","","","https://data.biodiversitydata.nl/naturalis/specimen/RMNH.AVES.34302"
"https://data.biodiversitydata.nl/naturalis/specimen/RMNH.AVES.234210","","dwc:occurrenceID","","","https://data.biodiversitydata.nl/naturalis/specimen/RMNH.AVES.234210"
"https://data.biodiversitydata.nl/naturalis/specimen/ZMA.AVES.34909","","dwc:occurrenceID","","","https://data.biodiversitydata.nl/naturalis/specimen/ZMA.AVES.34909"
"https://data.biodiversitydata.nl/naturalis/specimen/ZMA.AVES.31709","","dwc:occurrenceID","","","https://data.biodiversitydata.nl/naturalis/specimen/ZMA.AVES.31709"
"https://data.biodiversitydata.nl/naturalis/specimen/ZMA.AVES.36986","","dwc:occurrenceID","","","https://data.biodiversitydata.nl/naturalis/specimen/ZMA.AVES.36986"
"https://data.biodiversitydata.nl/naturalis/specimen/RMNH.AVES.179722","","dwc:occurrenceID","","","https://data.biodiversitydata.nl/naturalis/specimen/RMNH.AVES.179722"
"https://data.biodiversitydata.nl/naturalis/specimen/ZMA.AVES.11031","","dwc:occurrenceID","","","https://data.biodiversitydata.nl/naturalis/specimen/ZMA.AVES.11031"
"https://data.biodiversitydata.nl/naturalis/specimen/RMNH.AVES.176886","","dwc:occurrenceID","","","https://data.biodiversitydata.nl/naturalis/specimen/RMNH.AVES.176886"
"https://data.biodiversitydata.nl/naturalis/specimen/ZMA.AVES.28640","","dwc:occurrenceID","","","https://data.biodiversitydata.nl/naturalis/specimen/ZMA.AVES.28640"
"https://data.biodiversitydata.nl/naturalis/specimen/RMNH.AVES.252899","","dwc:occurrenceID","","","https://data.biodiversitydata.nl/naturalis/specimen/RMNH.AVES.252899"
"https://data.biodiversitydata.nl/naturalis/specimen/RMNH.AVES.58046","","dwc:occurrenceID","","","https://data.biodiversitydata.nl/naturalis/specimen/RMNH.AVES.58046"
"https://data.biodiversitydata.nl/naturalis/specimen/RMNH.AVES.211568","","dwc:occurrenceID","","","https://data.biodiversitydata.nl/naturalis/specimen/RMNH.AVES.211568"
"https://data.biodiversitydata.nl/naturalis/specimen/RMNH.AVES.52890","","dwc:occurrenceID","","","https://data.biodiversitydata.nl/naturalis/specimen/RMNH.AVES.52890"
"https://data.biodiversitydata.nl/naturalis/specimen/RMNH.AVES.4263","","dwc:occurrenceID","","","https://data.biodiversitydata.nl/naturalis/specimen/RMNH.AVES.4263"
"https://data.biodiversitydata.nl/naturalis/specimen/RMNH.AVES.177951","","dwc:occurrenceID","","","https://data.biodiversitydata.nl/naturalis/specimen/RMNH.AVES.177951"
"https://data.biodiversitydata.nl/naturalis/specimen/ZMA.AVES.39914","","dwc:occurrenceID","","","https://data.biodiversitydata.nl/naturalis/specimen/ZMA.AVES.39914"
"https://data.biodiversitydata.nl/naturalis/specimen/RMNH.AVES.154818","","dwc:occurrenceID","","","https://data.biodiversitydata.nl/naturalis/specimen/RMNH.AVES.154818"
"https://data.biodiversitydata.nl/naturalis/specimen/RMNH.AVES.72441","","dwc:occurrenceID","","","https://data.biodiversitydata.nl/naturalis/specimen/RMNH.AVES.72441"
"https://data.biodiversitydata.nl/naturalis/specimen/RMNH.AVES.259619","","dwc:occurrenceID","","","https://data.biodiversitydata.nl/naturalis/specimen/RMNH.AVES.259619"
"https://data.biodiversitydata.nl/naturalis/specimen/RMNH.AVES.11006","","dwc:occurrenceID","","","https://data.biodiversitydata.nl/naturalis/specimen/RMNH.AVES.11006"
"https://data.biodiversitydata.nl/naturalis/specimen/ZMA.AVES.1206","","dwc:occurrenceID","","","https://data.biodiversitydata.nl/naturalis/specimen/ZMA.AVES.1206"
"https://data.biodiversitydata.nl/naturalis/specimen/ZMA.AVES.28059","","dwc:occurrenceID","","","https://data.biodiversitydata.nl/naturalis/specimen/ZMA.AVES.28059"
"https://data.biodiversitydata.nl/naturalis/specimen/RMNH.AVES.35627","","dwc:occurrenceID","","","https://data.biodiversitydata.nl/naturalis/specimen/RMNH.AVES.35627"
"https://data.biodiversitydata.nl/naturalis/specimen/RMNH.AVES.221191","","dwc:occurrenceID","","","https://data.biodiversitydata.nl/naturalis/specimen/RMNH.AVES.221191"
"https://data.biodiversitydata.nl/naturalis/specimen/RMNH.AVES.16939","","dwc:occurrenceID","","","https://data.biodiversitydata.nl/naturalis/specimen/RMNH.AVES.16939"
"https://data.biodiversitydata.nl/naturalis/specimen/RMNH.AVES.213553","","dwc:occurrenceID","","","https://data.biodiversitydata.nl/naturalis/specimen/RMNH.AVES.213553"
"https://data.biodiversitydata.nl/naturalis/specimen/RMNH.AVES.29745","","dwc:occurrenceID","","","https://data.biodiversitydata.nl/naturalis/specimen/RMNH.AVES.29745"
"https://data.biodiversitydata.nl/naturalis/specimen/ZMA.AVES.50624","","dwc:occurrenceID","","","https://data.biodiversitydata.nl/naturalis/specimen/ZMA.AVES.50624"
"https://data.biodiversitydata.nl/naturalis/specimen/RMNH.AVES.57315","","dwc:occurrenceID","","","https://data.biodiversitydata.nl/naturalis/specimen/RMNH.AVES.57315"
"https://data.biodiversitydata.nl/naturalis/specimen/RMNH.AVES.179103","","dwc:occurrenceID","","","https://data.biodiversitydata.nl/naturalis/specimen/RMNH.AVES.179103"
"https://data.biodiversitydata.nl/naturalis/specimen/RMNH.AVES.59634","","dwc:occurrenceID","","","https://data.biodiversitydata.nl/naturalis/specimen/RMNH.AVES.59634"
"https://data.biodiversitydata.nl/naturalis/specimen/ZMA.AVES.56257","","dwc:occurrenceID","","","https://data.biodiversitydata.nl/naturalis/specimen/ZMA.AVES.56257"
"https://data.biodiversitydata.nl/naturalis/specimen/RMNH.AVES.161316","","dwc:occurrenceID","","","https://data.biodiversitydata.nl/naturalis/specimen/RMNH.AVES.161316"
"https://data.biodiversitydata.nl/naturalis/specimen/ZMA.AVES.50950","","dwc:occurrenceID","","","https://data.biodiversitydata.nl/naturalis/specimen/ZMA.AVES.50950"
"https://data.biodiversitydata.nl/naturalis/specimen/RMNH.5092444.b","","dwc:occurrenceID","","","https://data.biodiversitydata.nl/naturalis/specimen/RMNH.5092444.b"
"https://data.biodiversitydata.nl/naturalis/specimen/RMNH.AVES.135228","","dwc:occurrenceID","","","https://data.biodiversitydata.nl/naturalis/specimen/RMNH.AVES.135228"
"https://data.biodiversitydata.nl/naturalis/specimen/RMNH.AVES.86161","","dwc:occurrenceID","","","https://data.biodiversitydata.nl/naturalis/specimen/RMNH.AVES.86161"
"https://data.biodiversitydata.nl/naturalis/specimen/ZMA.AVES.63838","","dwc:occurrenceID","","","https://data.biodiversitydata.nl/naturalis/specimen/ZMA.AVES.63838"
"https://data.biodiversitydata.nl/naturalis/specimen/ZMA.AVES.47768","","dwc:occurrenceID","","","https://data.biodiversitydata.nl/naturalis/specimen/ZMA.AVES.47768"
"https://data.biodiversitydata.nl/naturalis/specimen/RMNH.AVES.228827","","dwc:occurrenceID","","","https://data.biodiversitydata.nl/naturalis/specimen/RMNH.AVES.228827"
"https://data.biodiversitydata.nl/naturalis/specimen/RMNH.AVES.188539","","dwc:occurrenceID","","","https://data.biodiversitydata.nl/naturalis/specimen/RMNH.AVES.188539"
"https://data.biodiversitydata.nl/naturalis/specimen/RMNH.AVES.34528","","dwc:occurrenceID","","","https://data.biodiversitydata.nl/naturalis/specimen/RMNH.AVES.34528"
"https://data.biodiversitydata.nl/naturalis/specimen/RMNH.5092347.a","","dwc:occurrenceID","","","https://data.biodiversitydata.nl/naturalis/specimen/RMNH.5092347.a"
"https://data.biodiversitydata.nl/naturalis/specimen/RMNH.AVES.156840","","dwc:occurrenceID","","","https://data.biodiversitydata.nl/naturalis/specimen/RMNH.AVES.156840"
"https://data.biodiversitydata.nl/naturalis/specimen/RMNH.AVES.72028","","dwc:occurrenceID","","","https://data.biodiversitydata.nl/naturalis/specimen/RMNH.AVES.72028"
"https://data.biodiversitydata.nl/naturalis/specimen/RMNH.AVES.207363","","dwc:occurrenceID","","","https://data.biodiversitydata.nl/naturalis/specimen/RMNH.AVES.207363"
"https://data.biodiversitydata.nl/naturalis/specimen/RMNH.AVES.140023","","dwc:occurrenceID","","","https://data.biodiversitydata.nl/naturalis/specimen/RMNH.AVES.140023"
"https://data.biodiversitydata.nl/naturalis/specimen/RMNH.AVES.171448","","dwc:occurrenceID","","","https://data.biodiversitydata.nl/naturalis/specimen/RMNH.AVES.171448"
"https://data.biodiversitydata.nl/naturalis/specimen/ZMA.AVES.41941","","dwc:occurrenceID","","","https://data.biodiversitydata.nl/naturalis/specimen/ZMA.AVES.41941"
"https://data.biodiversitydata.nl/naturalis/specimen/RMNH.AVES.120368","","dwc:occurrenceID","","","https://data.biodiversitydata.nl/naturalis/specimen/RMNH.AVES.120368"
"https://data.biodiversitydata.nl/naturalis/specimen/RMNH.AVES.132918","","dwc:occurrenceID","","","https://data.biodiversitydata.nl/naturalis/specimen/RMNH.AVES.132918"
"https://data.biodiversitydata.nl/naturalis/specimen/RMNH.AVES.172987","","dwc:occurrenceID","","","https://data.biodiversitydata.nl/naturalis/specimen/RMNH.AVES.172987"
"https://data.biodiversitydata.nl/naturalis/specimen/RMNH.AVES.78474","","dwc:occurrenceID","","","https://data.biodiversitydata.nl/naturalis/specimen/RMNH.AVES.78474"
"https://data.biodiversitydata.nl/naturalis/specimen/ZMA.AVES.57443","","dwc:occurrenceID","","","https://data.biodiversitydata.nl/naturalis/specimen/ZMA.AVES.57443"
"https://data.biodiversitydata.nl/naturalis/specimen/RMNH.AVES.220138","","dwc:occurrenceID","","","https://data.biodiversitydata.nl/naturalis/specimen/RMNH.AVES.220138"
"https://data.biodiversitydata.nl/naturalis/specimen/ZMA.AVES.12672","","dwc:occurrenceID","","","https://data.biodiversitydata.nl/naturalis/specimen/ZMA.AVES.12672"
"https://data.biodiversitydata.nl/naturalis/specimen/ZMA.AVES.30393","","dwc:occurrenceID","","","https://data.biodiversitydata.nl/naturalis/specimen/ZMA.AVES.30393"
"https://data.biodiversitydata.nl/naturalis/specimen/RMNH.AVES.15160","","dwc:occurrenceID","","","https://data.biodiversitydata.nl/naturalis/specimen/RMNH.AVES.15160"
"https://data.biodiversitydata.nl/naturalis/specimen/RMNH.AVES.210848","","dwc:occurrenceID","","","https://data.biodiversitydata.nl/naturalis/specimen/RMNH.AVES.210848"
"https://data.biodiversitydata.nl/naturalis/specimen/RMNH.AVES.202476","","dwc:occurrenceID","","","https://data.biodiversitydata.nl/naturalis/specimen/RMNH.AVES.202476"
"https://data.biodiversitydata.nl/naturalis/specimen/RMNH.AVES.223763","","dwc:occurrenceID","","","https://data.biodiversitydata.nl/naturalis/specimen/RMNH.AVES.223763"
"https://data.biodiversitydata.nl/naturalis/specimen/RMNH.AVES.232675","","dwc:occurrenceID","","","https://data.biodiversitydata.nl/naturalis/specimen/RMNH.AVES.232675"
"https://data.biodiversitydata.nl/naturalis/specimen/RMNH.AVES.11449","","dwc:occurrenceID","","","https://data.biodiversitydata.nl/naturalis/specimen/RMNH.AVES.11449"
"https://data.biodiversitydata.nl/naturalis/specimen/RMNH.AVES.146776","","dwc:occurrenceID","","","https://data.biodiversitydata.nl/naturalis/specimen/RMNH.AVES.146776"
"https://data.biodiversitydata.nl/naturalis/specimen/RMNH.AVES.170652","","dwc:occurrenceID","","","https://data.biodiversitydata.nl/naturalis/specimen/RMNH.AVES.170652"
"https://data.biodiversitydata.nl/naturalis/specimen/RMNH.AVES.224338","","dwc:occurrenceID","","","https://data.biodiversitydata.nl/naturalis/specimen/RMNH.AVES.224338"
"https://data.biodiversitydata.nl/naturalis/specimen/RMNH.AVES.47607","","dwc:occurrenceID","","","https://data.biodiversitydata.nl/naturalis/specimen/RMNH.AVES.47607"
"https://data.biodiversitydata.nl/naturalis/specimen/ZMA.AVES.54107","","dwc:occurrenceID","","","https://data.biodiversitydata.nl/naturalis/specimen/ZMA.AVES.54107"
"https://data.biodiversitydata.nl/naturalis/specimen/RMNH.AVES.9141","","dwc:occurrenceID","","","https://data.biodiversitydata.nl/naturalis/specimen/RMNH.AVES.9141"
"https://data.biodiversitydata.nl/naturalis/specimen/RMNH.AVES.17937","","dwc:occurrenceID","","","https://data.biodiversitydata.nl/naturalis/specimen/RMNH.AVES.17937"
"https://data.biodiversitydata.nl/naturalis/specimen/RMNH.AVES.198467","","dwc:occurrenceID","","","https://data.biodiversitydata.nl/naturalis/specimen/RMNH.AVES.198467"
"https://data.biodiversitydata.nl/naturalis/specimen/RMNH.AVES.126660","","dwc:occurrenceID","","","https://data.biodiversitydata.nl/naturalis/specimen/RMNH.AVES.126660"
"https://data.biodiversitydata.nl/naturalis/specimen/RMNH.AVES.98105","","dwc:occurrenceID","","","https://data.biodiversitydata.nl/naturalis/specimen/RMNH.AVES.98105"
"https://data.biodiversitydata.nl/naturalis/specimen/RMNH.AVES.48135","","dwc:occurrenceID","","","https://data.biodiversitydata.nl/naturalis/specimen/RMNH.AVES.48135"
"https://data.biodiversitydata.nl/naturalis/specimen/ZMA.AVES.59285","","dwc:occurrenceID","","","https://data.biodiversitydata.nl/naturalis/specimen/ZMA.AVES.59285"
"https://data.biodiversitydata.nl/naturalis/specimen/RMNH.AVES.147655","","dwc:occurrenceID","","","https://data.biodiversitydata.nl/naturalis/specimen/RMNH.AVES.147655"
"https://data.biodiversitydata.nl/naturalis/specimen/RMNH.AVES.176672","","dwc:occurrenceID","","","https://data.biodiversitydata.nl/naturalis/specimen/RMNH.AVES.176672"
"https://data.biodiversitydata.nl/naturalis/specimen/RMNH.AVES.56975","","dwc:occurrenceID","","","https://data.biodiversitydata.nl/naturalis/specimen/RMNH.AVES.56975"
"https://data.biodiversitydata.nl/naturalis/specimen/RMNH.AVES.55236","","dwc:occurrenceID","","","https://data.biodiversitydata.nl/naturalis/specimen/RMNH.AVES.55236"
"https://data.biodiversitydata.nl/naturalis/specimen/ZMA.AVES.39356","","dwc:occurrenceID","","","https://data.biodiversitydata.nl/naturalis/specimen/ZMA.AVES.39356"
"https://data.biodiversitydata.nl/naturalis/specimen/RMNH.AVES.216677","","dwc:occurrenceID","","","https://data.biodiversitydata.nl/naturalis/specimen/RMNH.AVES.216677"
"https://data.biodiversitydata.nl/naturalis/specimen/RMNH.AVES.28242","","dwc:occurrenceID","","","https://data.biodiversitydata.nl/naturalis/specimen/RMNH.AVES.28242"
"https://data.biodiversitydata.nl/naturalis/specimen/RMNH.AVES.24254","","dwc:occurrenceID","","","https://data.biodiversitydata.nl/naturalis/specimen/RMNH.AVES.24254"
"https://data.biodiversitydata.nl/naturalis/specimen/ZMA.AVES.64480","","dwc:occurrenceID","","","https://data.biodiversitydata.nl/naturalis/specimen/ZMA.AVES.64480"
"https://data.biodiversitydata.nl/naturalis/specimen/RMNH.AVES.23934","","dwc:occurrenceID","","","https://data.biodiversitydata.nl/naturalis/specimen/RMNH.AVES.23934"
"https://data.biodiversitydata.nl/naturalis/specimen/ZMA.AVES.4560","","dwc:occurrenceID","","","https://data.biodiversitydata.nl/naturalis/specimen/ZMA.AVES.4560"
"https://data.biodiversitydata.nl/naturalis/specimen/RMNH.AVES.100878","","dwc:occurrenceID","","","https://data.biodiversitydata.nl/naturalis/specimen/RMNH.AVES.100878"
"https://data.biodiversitydata.nl/naturalis/specimen/RMNH.AVES.89301","","dwc:occurrenceID","","","https://data.biodiversitydata.nl/naturalis/specimen/RMNH.AVES.89301"
"https://data.biodiversitydata.nl/naturalis/specimen/ZMA.AVES.35006","","dwc:occurrenceID","","","https://data.biodiversitydata.nl/naturalis/specimen/ZMA.AVES.35006"
"https://data.biodiversitydata.nl/naturalis/specimen/RMNH.AVES.18560","","dwc:occurrenceID","","","https://data.biodiversitydata.nl/naturalis/specimen/RMNH.AVES.18560"
"https://data.biodiversitydata.nl/naturalis/specimen/RMNH.AVES.233147","","dwc:occurrenceID","","","https://data.biodiversitydata.nl/naturalis/specimen/RMNH.AVES.233147"
"https://data.biodiversitydata.nl/naturalis/specimen/RMNH.AVES.156018","","dwc:occurrenceID","","","https://data.biodiversitydata.nl/naturalis/specimen/RMNH.AVES.156018"
"https://data.biodiversitydata.nl/naturalis/specimen/ZMA.AVES.47185","","dwc:occurrenceID","","","https://data.biodiversitydata.nl/naturalis/specimen/ZMA.AVES.47185"
"https://data.biodiversitydata.nl/naturalis/specimen/RMNH.AVES.33281","","dwc:occurrenceID","","","https://data.biodiversitydata.nl/naturalis/specimen/RMNH.AVES.33281"
"https://data.biodiversitydata.nl/naturalis/specimen/RMNH.AVES.24500","","dwc:occurrenceID","","","https://data.biodiversitydata.nl/naturalis/specimen/RMNH.AVES.24500"
"https://data.biodiversitydata.nl/naturalis/specimen/RMNH.AVES.131995","","dwc:occurrenceID","","","https://data.biodiversitydata.nl/naturalis/specimen/RMNH.AVES.131995"
"https://data.biodiversitydata.nl/naturalis/specimen/RMNH.AVES.71101.a","","dwc:occurrenceID","","","https://data.biodiversitydata.nl/naturalis/specimen/RMNH.AVES.71101.a"
"https://data.biodiversitydata.nl/naturalis/specimen/RMNH.AVES.131263","","dwc:occurrenceID","","","https://data.biodiversitydata.nl/naturalis/specimen/RMNH.AVES.131263"
"https://data.biodiversitydata.nl/naturalis/specimen/RMNH.AVES.5782","","dwc:occurrenceID","","","https://data.biodiversitydata.nl/naturalis/specimen/RMNH.AVES.5782"
"https://data.biodiversitydata.nl/naturalis/specimen/RMNH.AVES.102192","","dwc:occurrenceID","","","https://data.biodiversitydata.nl/naturalis/specimen/RMNH.AVES.102192"
"https://data.biodiversitydata.nl/naturalis/specimen/RMNH.AVES.93191","","dwc:occurrenceID","","","https://data.biodiversitydata.nl/naturalis/specimen/RMNH.AVES.93191"
"https://data.biodiversitydata.nl/naturalis/specimen/RMNH.AVES.16147.b","","dwc:occurrenceID","","","https://data.biodiversitydata.nl/naturalis/specimen/RMNH.AVES.16147.b"
"https://data.biodiversitydata.nl/naturalis/specimen/ZMA.AVES.38771","","dwc:occurrenceID","","","https://data.biodiversitydata.nl/naturalis/specimen/ZMA.AVES.38771"
"https://data.biodiversitydata.nl/naturalis/specimen/RMNH.AVES.161861","","dwc:occurrenceID","","","https://data.biodiversitydata.nl/naturalis/specimen/RMNH.AVES.161861"
"https://data.biodiversitydata.nl/naturalis/specimen/RMNH.AVES.107361","","dwc:occurrenceID","","","https://data.biodiversitydata.nl/naturalis/specimen/RMNH.AVES.107361"
"https://data.biodiversitydata.nl/naturalis/specimen/RMNH.AVES.205463","","dwc:occurrenceID","","","https://data.biodiversitydata.nl/naturalis/specimen/RMNH.AVES.205463"
"https://data.biodiversitydata.nl/naturalis/specimen/RMNH.AVES.92316","","dwc:occurrenceID","","","https://data.biodiversitydata.nl/naturalis/specimen/RMNH.AVES.92316"
"https://data.biodiversitydata.nl/naturalis/specimen/RMNH.AVES.156767","","dwc:occurrenceID","","","https://data.biodiversitydata.nl/naturalis/specimen/RMNH.AVES.156767"
"https://data.biodiversitydata.nl/naturalis/specimen/ZMA.AVES.12416","","dwc:occurrenceID","","","https://data.biodiversitydata.nl/naturalis/specimen/ZMA.AVES.12416"
"https://data.biodiversitydata.nl/naturalis/specimen/RMNH.AVES.54388","","dwc:occurrenceID","","","https://data.biodiversitydata.nl/naturalis/specimen/RMNH.AVES.54388"
"https://data.biodiversitydata.nl/naturalis/specimen/ZMA.AVES.34938","","dwc:occurrenceID","","","https://data.biodiversitydata.nl/naturalis/specimen/ZMA.AVES.34938"
"https://data.biodiversitydata.nl/naturalis/specimen/RMNH.AVES.198327","","dwc:occurrenceID","","","https://data.biodiversitydata.nl/naturalis/specimen/RMNH.AVES.198327"
"https://data.biodiversitydata.nl/naturalis/specimen/RMNH.AVES.197050","","dwc:occurrenceID","","","https://data.biodiversitydata.nl/naturalis/specimen/RMNH.AVES.197050"
"https://data.biodiversitydata.nl/naturalis/specimen/RMNH.AVES.229353","","dwc:occurrenceID","","","https://data.biodiversitydata.nl/naturalis/specimen/RMNH.AVES.229353"
"https://data.biodiversitydata.nl/naturalis/specimen/RMNH.AVES.169996","","dwc:occurrenceID","","","https://data.biodiversitydata.nl/naturalis/specimen/RMNH.AVES.169996"
"https://data.biodiversitydata.nl/naturalis/specimen/RMNH.AVES.214162","","dwc:occurrenceID","","","https://data.biodiversitydata.nl/naturalis/specimen/RMNH.AVES.214162"
"https://data.biodiversitydata.nl/naturalis/specimen/ZMA.AVES.64784","","dwc:occurrenceID","","","https://data.biodiversitydata.nl/naturalis/specimen/ZMA.AVES.64784"
"https://data.biodiversitydata.nl/naturalis/specimen/RMNH.AVES.124655","","dwc:occurrenceID","","","https://data.biodiversitydata.nl/naturalis/specimen/RMNH.AVES.124655"
"https://data.biodiversitydata.nl/naturalis/specimen/ZMA.AVES.17803","","dwc:occurrenceID","","","https://data.biodiversitydata.nl/naturalis/specimen/ZMA.AVES.17803"
"https://data.biodiversitydata.nl/naturalis/specimen/ZMA.AVES.57764","","dwc:occurrenceID","","","https://data.biodiversitydata.nl/naturalis/specimen/ZMA.AVES.57764"
"https://data.biodiversitydata.nl/naturalis/specimen/RMNH.AVES.90239","","dwc:occurrenceID","","","https://data.biodiversitydata.nl/naturalis/specimen/RMNH.AVES.90239"
"https://data.biodiversitydata.nl/naturalis/specimen/RMNH.AVES.232841","","dwc:occurrenceID","","","https://data.biodiversitydata.nl/naturalis/specimen/RMNH.AVES.232841"
"https://data.biodiversitydata.nl/naturalis/specimen/RMNH.AVES.58274","","dwc:occurrenceID","","","https://data.biodiversitydata.nl/naturalis/specimen/RMNH.AVES.58274"
"https://data.biodiversitydata.nl/naturalis/specimen/ZMA.AVES.16512","","dwc:occurrenceID","","","https://data.biodiversitydata.nl/naturalis/specimen/ZMA.AVES.16512"
"https://data.biodiversitydata.nl/naturalis/specimen/ZMA.AVES.16080","","dwc:occurrenceID","","","https://data.biodiversitydata.nl/naturalis/specimen/ZMA.AVES.16080"
"https://data.biodiversitydata.nl/naturalis/specimen/RMNH.AVES.44228","","dwc:occurrenceID","","","https://data.biodiversitydata.nl/naturalis/specimen/RMNH.AVES.44228"
"https://data.biodiversitydata.nl/naturalis/specimen/RMNH.AVES.176556","","dwc:occurrenceID","","","https://data.biodiversitydata.nl/naturalis/specimen/RMNH.AVES.176556"
"https://data.biodiversitydata.nl/naturalis/specimen/RMNH.AVES.207145","","dwc:occurrenceID","","","https://data.biodiversitydata.nl/naturalis/specimen/RMNH.AVES.207145"
"https://data.biodiversitydata.nl/naturalis/specimen/RMNH.AVES.132593","","dwc:occurrenceID","","","https://data.biodiversitydata.nl/naturalis/specimen/RMNH.AVES.132593"
"https://data.biodiversitydata.nl/naturalis/specimen/ZMA.AVES.37049","","dwc:occurrenceID","","","https://data.biodiversitydata.nl/naturalis/specimen/ZMA.AVES.37049"
"https://data.biodiversitydata.nl/naturalis/specimen/RMNH.AVES.21898","","dwc:occurrenceID","","","https://data.biodiversitydata.nl/naturalis/specimen/RMNH.AVES.21898"
"https://data.biodiversitydata.nl/naturalis/specimen/RMNH.AVES.203681","","dwc:occurrenceID","","","https://data.biodiversitydata.nl/naturalis/specimen/RMNH.AVES.203681"
"https://data.biodiversitydata.nl/naturalis/specimen/ZMA.AVES.43896","","dwc:occurrenceID","","","https://data.biodiversitydata.nl/naturalis/specimen/ZMA.AVES.43896"
"https://data.biodiversitydata.nl/naturalis/specimen/RMNH.AVES.121385","","dwc:occurrenceID","","","https://data.biodiversitydata.nl/naturalis/specimen/RMNH.AVES.121385"
"https://data.biodiversitydata.nl/naturalis/specimen/RMNH.AVES.66037","","dwc:occurrenceID","","","https://data.biodiversitydata.nl/naturalis/specimen/RMNH.AVES.66037"
"https://data.biodiversitydata.nl/naturalis/specimen/RMNH.AVES.254986","","dwc:occurrenceID","","","https://data.biodiversitydata.nl/naturalis/specimen/RMNH.AVES.254986"
"https://data.biodiversitydata.nl/naturalis/specimen/ZMA.AVES.4767","","dwc:occurrenceID","","","https://data.biodiversitydata.nl/naturalis/specimen/ZMA.AVES.4767"
"https://data.biodiversitydata.nl/naturalis/specimen/RMNH.AVES.54129","","dwc:occurrenceID","","","https://data.biodiversitydata.nl/naturalis/specimen/RMNH.AVES.54129"
"https://data.biodiversitydata.nl/naturalis/specimen/ZMA.AVES.864","","dwc:occurrenceID","","","https://data.biodiversitydata.nl/naturalis/specimen/ZMA.AVES.864"
"https://data.biodiversitydata.nl/naturalis/specimen/RMNH.AVES.65339","","dwc:occurrenceID","","","https://data.biodiversitydata.nl/naturalis/specimen/RMNH.AVES.65339"
"https://data.biodiversitydata.nl/naturalis/specimen/ZMA.AVES.13756","","dwc:occurrenceID","","","https://data.biodiversitydata.nl/naturalis/specimen/ZMA.AVES.13756"
"https://data.biodiversitydata.nl/naturalis/specimen/RMNH.AVES.155398","","dwc:occurrenceID","","","https://data.biodiversitydata.nl/naturalis/specimen/RMNH.AVES.155398"
"https://data.biodiversitydata.nl/naturalis/specimen/RMNH.AVES.33334","","dwc:occurrenceID","","","https://data.biodiversitydata.nl/naturalis/specimen/RMNH.AVES.33334"
"https://data.biodiversitydata.nl/naturalis/specimen/RMNH.AVES.174197","","dwc:occurrenceID","","","https://data.biodiversitydata.nl/naturalis/specimen/RMNH.AVES.174197"
"https://data.biodiversitydata.nl/naturalis/specimen/RMNH.AVES.127101","","dwc:occurrenceID","","","https://data.biodiversitydata.nl/naturalis/specimen/RMNH.AVES.127101"
"https://data.biodiversitydata.nl/naturalis/specimen/RMNH.AVES.226207","","dwc:occurrenceID","","","https://data.biodiversitydata.nl/naturalis/specimen/RMNH.AVES.226207"
"https://data.biodiversitydata.nl/naturalis/specimen/RMNH.AVES.78301","","dwc:occurrenceID","","","https://data.biodiversitydata.nl/naturalis/specimen/RMNH.AVES.78301"
"https://data.biodiversitydata.nl/naturalis/specimen/RMNH.AVES.58849","","dwc:occurrenceID","","","https://data.biodiversitydata.nl/naturalis/specimen/RMNH.AVES.58849"
"https://data.biodiversitydata.nl/naturalis/specimen/ZMA.AVES.19293","","dwc:occurrenceID","","","https://data.biodiversitydata.nl/naturalis/specimen/ZMA.AVES.19293"
"https://data.biodiversitydata.nl/naturalis/specimen/RMNH.AVES.165038","","dwc:occurrenceID","","","https://data.biodiversitydata.nl/naturalis/specimen/RMNH.AVES.165038"
"https://data.biodiversitydata.nl/naturalis/specimen/RMNH.AVES.259833","","dwc:occurrenceID","","","https://data.biodiversitydata.nl/naturalis/specimen/RMNH.AVES.259833"
"https://data.biodiversitydata.nl/naturalis/specimen/RMNH.AVES.123109","","dwc:occurrenceID","","","https://data.biodiversitydata.nl/naturalis/specimen/RMNH.AVES.123109"
"https://data.biodiversitydata.nl/naturalis/specimen/ZMA.AVES.34486","","dwc:occurrenceID","","","https://data.biodiversitydata.nl/naturalis/specimen/ZMA.AVES.34486"
"https://data.biodiversitydata.nl/naturalis/specimen/ZMA.AVES.30858","","dwc:occurrenceID","","","https://data.biodiversitydata.nl/naturalis/specimen/ZMA.AVES.30858"
"https://data.biodiversitydata.nl/naturalis/specimen/ZMA.AVES.57024","","dwc:occurrenceID","","","https://data.biodiversitydata.nl/naturalis/specimen/ZMA.AVES.57024"
"https://data.biodiversitydata.nl/naturalis/specimen/RMNH.AVES.61737","","dwc:occurrenceID","","","https://data.biodiversitydata.nl/naturalis/specimen/RMNH.AVES.61737"
"https://data.biodiversitydata.nl/naturalis/specimen/RMNH.AVES.167931","","dwc:occurrenceID","","","https://data.biodiversitydata.nl/naturalis/specimen/RMNH.AVES.167931"
"https://data.biodiversitydata.nl/naturalis/specimen/RMNH.AVES.61449","","dwc:occurrenceID","","","https://data.biodiversitydata.nl/naturalis/specimen/RMNH.AVES.61449"
"https://data.biodiversitydata.nl/naturalis/specimen/RMNH.AVES.209337","","dwc:occurrenceID","","","https://data.biodiversitydata.nl/naturalis/specimen/RMNH.AVES.209337"
"https://data.biodiversitydata.nl/naturalis/specimen/RMNH.AVES.25692","","dwc:occurrenceID","","","https://data.biodiversitydata.nl/naturalis/specimen/RMNH.AVES.25692"
"https://data.biodiversitydata.nl/naturalis/specimen/RMNH.AVES.175711","","dwc:occurrenceID","","","https://data.biodiversitydata.nl/naturalis/specimen/RMNH.AVES.175711"
"https://data.biodiversitydata.nl/naturalis/specimen/RMNH.AVES.260514","","dwc:occurrenceID","","","https://data.biodiversitydata.nl/naturalis/specimen/RMNH.AVES.260514"
"https://data.biodiversitydata.nl/naturalis/specimen/ZMA.AVES.42204","","dwc:occurrenceID","","","https://data.biodiversitydata.nl/naturalis/specimen/ZMA.AVES.42204"
"https://data.biodiversitydata.nl/naturalis/specimen/ZMA.AVES.37601","","dwc:occurrenceID","","","https://data.biodiversitydata.nl/naturalis/specimen/ZMA.AVES.37601"
"https://data.biodiversitydata.nl/naturalis/specimen/RMNH.AVES.137978","","dwc:occurrenceID","","","https://data.biodiversitydata.nl/naturalis/specimen/RMNH.AVES.137978"
"https://data.biodiversitydata.nl/naturalis/specimen/RMNH.AVES.259452.c","","dwc:occurrenceID","","","https://data.biodiversitydata.nl/naturalis/specimen/RMNH.AVES.259452.c"
"https://data.biodiversitydata.nl/naturalis/specimen/RMNH.AVES.62266","","dwc:occurrenceID","","","https://data.biodiversitydata.nl/naturalis/specimen/RMNH.AVES.62266"
"https://data.biodiversitydata.nl/naturalis/specimen/RMNH.AVES.60330.b","","dwc:occurrenceID","","","https://data.biodiversitydata.nl/naturalis/specimen/RMNH.AVES.60330.b"
"https://data.biodiversitydata.nl/naturalis/specimen/RMNH.AVES.65519","","dwc:occurrenceID","","","https://data.biodiversitydata.nl/naturalis/specimen/RMNH.AVES.65519"
"https://data.biodiversitydata.nl/naturalis/specimen/RMNH.AVES.150844","","dwc:occurrenceID","","","https://data.biodiversitydata.nl/naturalis/specimen/RMNH.AVES.150844"
"https://data.biodiversitydata.nl/naturalis/specimen/RMNH.AVES.108750","","dwc:occurrenceID","","","https://data.biodiversitydata.nl/naturalis/specimen/RMNH.AVES.108750"
"https://data.biodiversitydata.nl/naturalis/specimen/RMNH.AVES.193421","","dwc:occurrenceID","","","https://data.biodiversitydata.nl/naturalis/specimen/RMNH.AVES.193421"
"https://data.biodiversitydata.nl/naturalis/specimen/ZMA.AVES.63310","","dwc:occurrenceID","","","https://data.biodiversitydata.nl/naturalis/specimen/ZMA.AVES.63310"
"https://data.biodiversitydata.nl/naturalis/specimen/ZMA.AVES.64634","","dwc:occurrenceID","","","https://data.biodiversitydata.nl/naturalis/specimen/ZMA.AVES.64634"
"https://data.biodiversitydata.nl/naturalis/specimen/RMNH.AVES.195764","","dwc:occurrenceID","","","https://data.biodiversitydata.nl/naturalis/specimen/RMNH.AVES.195764"
"https://data.biodiversitydata.nl/naturalis/specimen/RMNH.AVES.56764","","dwc:occurrenceID","","","https://data.biodiversitydata.nl/naturalis/specimen/RMNH.AVES.56764"
"https://data.biodiversitydata.nl/naturalis/specimen/RMNH.AVES.38413","","dwc:occurrenceID","","","https://data.biodiversitydata.nl/naturalis/specimen/RMNH.AVES.38413"
"https://data.biodiversitydata.nl/naturalis/specimen/RMNH.AVES.71433","","dwc:occurrenceID","","","https://data.biodiversitydata.nl/naturalis/specimen/RMNH.AVES.71433"
"https://data.biodiversitydata.nl/naturalis/specimen/RMNH.AVES.256953","","dwc:occurrenceID","","","https://data.biodiversitydata.nl/naturalis/specimen/RMNH.AVES.256953"
"https://data.biodiversitydata.nl/naturalis/specimen/RMNH.AVES.P.2133","","dwc:occurrenceID","","","https://data.biodiversitydata.nl/naturalis/specimen/RMNH.AVES.P.2133"
"https://data.biodiversitydata.nl/naturalis/specimen/RMNH.AVES.201226","","dwc:occurrenceID","","","https://data.biodiversitydata.nl/naturalis/specimen/RMNH.AVES.201226"
"https://data.biodiversitydata.nl/naturalis/specimen/RMNH.AVES.64357","","dwc:occurrenceID","","","https://data.biodiversitydata.nl/naturalis/specimen/RMNH.AVES.64357"
"https://data.biodiversitydata.nl/naturalis/specimen/ZMA.AVES.64827.a","","dwc:occurrenceID","","","https://data.biodiversitydata.nl/naturalis/specimen/ZMA.AVES.64827.a"
"https://data.biodiversitydata.nl/naturalis/specimen/RMNH.AVES.123823","","dwc:occurrenceID","","","https://data.biodiversitydata.nl/naturalis/specimen/RMNH.AVES.123823"
"https://data.biodiversitydata.nl/naturalis/specimen/RMNH.AVES.212253","","dwc:occurrenceID","","","https://data.biodiversitydata.nl/naturalis/specimen/RMNH.AVES.212253"
"https://data.biodiversitydata.nl/naturalis/specimen/RMNH.AVES.134053","","dwc:occurrenceID","","","https://data.biodiversitydata.nl/naturalis/specimen/RMNH.AVES.134053"
"https://data.biodiversitydata.nl/naturalis/specimen/RMNH.AVES.172405","","dwc:occurrenceID","","","https://data.biodiversitydata.nl/naturalis/specimen/RMNH.AVES.172405"
"https://data.biodiversitydata.nl/naturalis/specimen/RMNH.AVES.31167","","dwc:occurrenceID","","","https://data.biodiversitydata.nl/naturalis/specimen/RMNH.AVES.31167"
"https://data.biodiversitydata.nl/naturalis/specimen/RMNH.AVES.183049","","dwc:occurrenceID","","","https://data.biodiversitydata.nl/naturalis/specimen/RMNH.AVES.183049"
"https://data.biodiversitydata.nl/naturalis/specimen/RMNH.AVES.161504","","dwc:occurrenceID","","","https://data.biodiversitydata.nl/naturalis/specimen/RMNH.AVES.161504"
"https://data.biodiversitydata.nl/naturalis/specimen/RMNH.AVES.259161","","dwc:occurrenceID","","","https://data.biodiversitydata.nl/naturalis/specimen/RMNH.AVES.259161"
"https://data.biodiversitydata.nl/naturalis/specimen/ZMA.AVES.44577","","dwc:occurrenceID","","","https://data.biodiversitydata.nl/naturalis/specimen/ZMA.AVES.44577"
"https://data.biodiversitydata.nl/naturalis/specimen/RMNH.AVES.189355","","dwc:occurrenceID","","","https://data.biodiversitydata.nl/naturalis/specimen/RMNH.AVES.189355"
"https://data.biodiversitydata.nl/naturalis/specimen/RMNH.AVES.200428","","dwc:occurrenceID","","","https://data.biodiversitydata.nl/naturalis/specimen/RMNH.AVES.200428"
"https://data.biodiversitydata.nl/naturalis/specimen/RMNH.AVES.39880","","dwc:occurrenceID","","","https://data.biodiversitydata.nl/naturalis/specimen/RMNH.AVES.39880"
"https://data.biodiversitydata.nl/naturalis/specimen/RMNH.AVES.57509","","dwc:occurrenceID","","","https://data.biodiversitydata.nl/naturalis/specimen/RMNH.AVES.57509"
"https://data.biodiversitydata.nl/naturalis/specimen/RMNH.AVES.70433","","dwc:occurrenceID","","","https://data.biodiversitydata.nl/naturalis/specimen/RMNH.AVES.70433"
"https://data.biodiversitydata.nl/naturalis/specimen/ZMA.AVES.20174","","dwc:occurrenceID","","","https://data.biodiversitydata.nl/naturalis/specimen/ZMA.AVES.20174"
"https://data.biodiversitydata.nl/naturalis/specimen/RMNH.AVES.173954","","dwc:occurrenceID","","","https://data.biodiversitydata.nl/naturalis/specimen/RMNH.AVES.173954"
"https://data.biodiversitydata.nl/naturalis/specimen/RMNH.AVES.76144","","dwc:occurrenceID","","","https://data.biodiversitydata.nl/naturalis/specimen/RMNH.AVES.76144"
"https://data.biodiversitydata.nl/naturalis/specimen/RMNH.AVES.168725","","dwc:occurrenceID","","","https://data.biodiversitydata.nl/naturalis/specimen/RMNH.AVES.168725"
"https://data.biodiversitydata.nl/naturalis/specimen/ZMA.AVES.42961","","dwc:occurrenceID","","","https://data.biodiversitydata.nl/naturalis/specimen/ZMA.AVES.42961"
"https://data.biodiversitydata.nl/naturalis/specimen/ZMA.AVES.30432","","dwc:occurrenceID","","","https://data.biodiversitydata.nl/naturalis/specimen/ZMA.AVES.30432"
"https://data.biodiversitydata.nl/naturalis/specimen/RMNH.AVES.76237","","dwc:occurrenceID","","","https://data.biodiversitydata.nl/naturalis/specimen/RMNH.AVES.76237"
"https://data.biodiversitydata.nl/naturalis/specimen/ZMA.AVES.164","","dwc:occurrenceID","","","https://data.biodiversitydata.nl/naturalis/specimen/ZMA.AVES.164"
"https://data.biodiversitydata.nl/naturalis/specimen/ZMA.AVES.55634","","dwc:occurrenceID","","","https://data.biodiversitydata.nl/naturalis/specimen/ZMA.AVES.55634"
"https://data.biodiversitydata.nl/naturalis/specimen/RMNH.AVES.86611","","dwc:occurrenceID","","","https://data.biodiversitydata.nl/naturalis/specimen/RMNH.AVES.86611"
"https://data.biodiversitydata.nl/naturalis/specimen/RMNH.AVES.155164","","dwc:occurrenceID","","","https://data.biodiversitydata.nl/naturalis/specimen/RMNH.AVES.155164"
"https://data.biodiversitydata.nl/naturalis/specimen/RMNH.AVES.41335","","dwc:occurrenceID","","","https://data.biodiversitydata.nl/naturalis/specimen/RMNH.AVES.41335"
"https://data.biodiversitydata.nl/naturalis/specimen/RMNH.AVES.121703","","dwc:occurrenceID","","","https://data.biodiversitydata.nl/naturalis/specimen/RMNH.AVES.121703"
"https://data.biodiversitydata.nl/naturalis/specimen/RMNH.AVES.89179","","dwc:occurrenceID","","","https://data.biodiversitydata.nl/naturalis/specimen/RMNH.AVES.89179"
"https://data.biodiversitydata.nl/naturalis/specimen/ZMA.AVES.12991","","dwc:occurrenceID","","","https://data.biodiversitydata.nl/naturalis/specimen/ZMA.AVES.12991"
"https://data.biodiversitydata.nl/naturalis/specimen/RMNH.AVES.134549","","dwc:occurrenceID","","","https://data.biodiversitydata.nl/naturalis/specimen/RMNH.AVES.134549"
"https://data.biodiversitydata.nl/naturalis/specimen/ZMA.AVES.22608","","dwc:occurrenceID","","","https://data.biodiversitydata.nl/naturalis/specimen/ZMA.AVES.22608"
"https://data.biodiversitydata.nl/naturalis/specimen/RMNH.AVES.126199","","dwc:occurrenceID","","","https://data.biodiversitydata.nl/naturalis/specimen/RMNH.AVES.126199"
"https://data.biodiversitydata.nl/naturalis/specimen/RMNH.AVES.83178","","dwc:occurrenceID","","","https://data.biodiversitydata.nl/naturalis/specimen/RMNH.AVES.83178"
"https://data.biodiversitydata.nl/naturalis/specimen/RMNH.AVES.85535","","dwc:occurrenceID","","","https://data.biodiversitydata.nl/naturalis/specimen/RMNH.AVES.85535"
"https://data.biodiversitydata.nl/naturalis/specimen/ZMA.AVES.13240","","dwc:occurrenceID","","","https://data.biodiversitydata.nl/naturalis/specimen/ZMA.AVES.13240"
"https://data.biodiversitydata.nl/naturalis/specimen/RMNH.AVES.177712","","dwc:occurrenceID","","","https://data.biodiversitydata.nl/naturalis/specimen/RMNH.AVES.177712"
"https://data.biodiversitydata.nl/naturalis/specimen/RMNH.AVES.216759","","dwc:occurrenceID","","","https://data.biodiversitydata.nl/naturalis/specimen/RMNH.AVES.216759"
"https://data.biodiversitydata.nl/naturalis/specimen/RMNH.AVES.146315","","dwc:occurrenceID","","","https://data.biodiversitydata.nl/naturalis/specimen/RMNH.AVES.146315"
"https://data.biodiversitydata.nl/naturalis/specimen/RMNH.AVES.210840","","dwc:occurrenceID","","","https://data.biodiversitydata.nl/naturalis/specimen/RMNH.AVES.210840"
"https://data.biodiversitydata.nl/naturalis/specimen/RMNH.AVES.195661","","dwc:occurrenceID","","","https://data.biodiversitydata.nl/naturalis/specimen/RMNH.AVES.195661"
"https://data.biodiversitydata.nl/naturalis/specimen/ZMA.AVES.50234","","dwc:occurrenceID","","","https://data.biodiversitydata.nl/naturalis/specimen/ZMA.AVES.50234"
"https://data.biodiversitydata.nl/naturalis/specimen/RMNH.AVES.48901","","dwc:occurrenceID","","","https://data.biodiversitydata.nl/naturalis/specimen/RMNH.AVES.48901"
"https://data.biodiversitydata.nl/naturalis/specimen/RMNH.AVES.208197","","dwc:occurrenceID","","","https://data.biodiversitydata.nl/naturalis/specimen/RMNH.AVES.208197"
"https://data.biodiversitydata.nl/naturalis/specimen/ZMA.AVES.20175","","dwc:occurrenceID","","","https://data.biodiversitydata.nl/naturalis/specimen/ZMA.AVES.20175"
"https://data.biodiversitydata.nl/naturalis/specimen/RMNH.AVES.27974","","dwc:occurrenceID","","","https://data.biodiversitydata.nl/naturalis/specimen/RMNH.AVES.27974"
"https://data.biodiversitydata.nl/naturalis/specimen/RMNH.AVES.122916","","dwc:occurrenceID","","","https://data.biodiversitydata.nl/naturalis/specimen/RMNH.AVES.122916"
"https://data.biodiversitydata.nl/naturalis/specimen/ZMA.AVES.54896","","dwc:occurrenceID","","","https://data.biodiversitydata.nl/naturalis/specimen/ZMA.AVES.54896"
"https://data.biodiversitydata.nl/naturalis/specimen/RMNH.AVES.183417","","dwc:occurrenceID","","","https://data.biodiversitydata.nl/naturalis/specimen/RMNH.AVES.183417"
"https://data.biodiversitydata.nl/naturalis/specimen/RMNH.AVES.97775","","dwc:occurrenceID","","","https://data.biodiversitydata.nl/naturalis/specimen/RMNH.AVES.97775"
"https://data.biodiversitydata.nl/naturalis/specimen/RMNH.AVES.18641","","dwc:occurrenceID","","","https://data.biodiversitydata.nl/naturalis/specimen/RMNH.AVES.18641"
"https://data.biodiversitydata.nl/naturalis/specimen/ZMA.AVES.61675","","dwc:occurrenceID","","","https://data.biodiversitydata.nl/naturalis/specimen/ZMA.AVES.61675"
"https://data.biodiversitydata.nl/naturalis/specimen/RMNH.AVES.186385","","dwc:occurrenceID","","","https://data.biodiversitydata.nl/naturalis/specimen/RMNH.AVES.186385"
"https://data.biodiversitydata.nl/naturalis/specimen/ZMA.AVES.10274","","dwc:occurrenceID","","","https://data.biodiversitydata.nl/naturalis/specimen/ZMA.AVES.10274"
"https://data.biodiversitydata.nl/naturalis/specimen/RMNH.AVES.134511","","dwc:occurrenceID","","","https://data.biodiversitydata.nl/naturalis/specimen/RMNH.AVES.134511"
"https://data.biodiversitydata.nl/naturalis/specimen/RMNH.AVES.212830","","dwc:occurrenceID","","","https://data.biodiversitydata.nl/naturalis/specimen/RMNH.AVES.212830"
"https://data.biodiversitydata.nl/naturalis/specimen/RMNH.AVES.225173","","dwc:occurrenceID","","","https://data.biodiversitydata.nl/naturalis/specimen/RMNH.AVES.225173"
"https://data.biodiversitydata.nl/naturalis/specimen/RMNH.AVES.126748","","dwc:occurrenceID","","","https://data.biodiversitydata.nl/naturalis/specimen/RMNH.AVES.126748"
"https://data.biodiversitydata.nl/naturalis/specimen/ZMA.AVES.39238","","dwc:occurrenceID","","","https://data.biodiversitydata.nl/naturalis/specimen/ZMA.AVES.39238"
"https://data.biodiversitydata.nl/naturalis/specimen/RMNH.AVES.162334","","dwc:occurrenceID","","","https://data.biodiversitydata.nl/naturalis/specimen/RMNH.AVES.162334"
"https://data.biodiversitydata.nl/naturalis/specimen/RMNH.AVES.75369","","dwc:occurrenceID","","","https://data.biodiversitydata.nl/naturalis/specimen/RMNH.AVES.75369"
"https://data.biodiversitydata.nl/naturalis/specimen/RMNH.AVES.223949","","dwc:occurrenceID","","","https://data.biodiversitydata.nl/naturalis/specimen/RMNH.AVES.223949"
"https://data.biodiversitydata.nl/naturalis/specimen/ZMA.AVES.19679","","dwc:occurrenceID","","","https://data.biodiversitydata.nl/naturalis/specimen/ZMA.AVES.19679"
"https://data.biodiversitydata.nl/naturalis/specimen/RMNH.AVES.32583","","dwc:occurrenceID","","","https://data.biodiversitydata.nl/naturalis/specimen/RMNH.AVES.32583"
"https://data.biodiversitydata.nl/naturalis/specimen/RMNH.AVES.189572","","dwc:occurrenceID","","","https://data.biodiversitydata.nl/naturalis/specimen/RMNH.AVES.189572"
"https://data.biodiversitydata.nl/naturalis/specimen/RMNH.AVES.72865","","dwc:occurrenceID","","","https://data.biodiversitydata.nl/naturalis/specimen/RMNH.AVES.72865"
"https://data.biodiversitydata.nl/naturalis/specimen/RMNH.AVES.95728","","dwc:occurrenceID","","","https://data.biodiversitydata.nl/naturalis/specimen/RMNH.AVES.95728"
"https://data.biodiversitydata.nl/naturalis/specimen/RMNH.AVES.136964","","dwc:occurrenceID","","","https://data.biodiversitydata.nl/naturalis/specimen/RMNH.AVES.136964"
"https://data.biodiversitydata.nl/naturalis/specimen/RMNH.AVES.189783","","dwc:occurrenceID","","","https://data.biodiversitydata.nl/naturalis/specimen/RMNH.AVES.189783"
"https://data.biodiversitydata.nl/naturalis/specimen/ZMA.AVES.22721","","dwc:occurrenceID","","","https://data.biodiversitydata.nl/naturalis/specimen/ZMA.AVES.22721"
"https://data.biodiversitydata.nl/naturalis/specimen/RMNH.AVES.150920","","dwc:occurrenceID","","","https://data.biodiversitydata.nl/naturalis/specimen/RMNH.AVES.150920"
"https://data.biodiversitydata.nl/naturalis/specimen/RMNH.AVES.40520","","dwc:occurrenceID","","","https://data.biodiversitydata.nl/naturalis/specimen/RMNH.AVES.40520"
"https://data.biodiversitydata.nl/naturalis/specimen/RMNH.AVES.199695","","dwc:occurrenceID","","","https://data.biodiversitydata.nl/naturalis/specimen/RMNH.AVES.199695"
"https://data.biodiversitydata.nl/naturalis/specimen/RMNH.AVES.107565","","dwc:occurrenceID","","","https://data.biodiversitydata.nl/naturalis/specimen/RMNH.AVES.107565"
"https://data.biodiversitydata.nl/naturalis/specimen/RMNH.AVES.108731","","dwc:occurrenceID","","","https://data.biodiversitydata.nl/naturalis/specimen/RMNH.AVES.108731"
"https://data.biodiversitydata.nl/naturalis/specimen/RMNH.AVES.134385","","dwc:occurrenceID","","","https://data.biodiversitydata.nl/naturalis/specimen/RMNH.AVES.134385"
"https://data.biodiversitydata.nl/naturalis/specimen/RMNH.AVES.70552","","dwc:occurrenceID","","","https://data.biodiversitydata.nl/naturalis/specimen/RMNH.AVES.70552"
"https://data.biodiversitydata.nl/naturalis/specimen/RMNH.AVES.177249","","dwc:occurrenceID","","","https://data.biodiversitydata.nl/naturalis/specimen/RMNH.AVES.177249"
"https://data.biodiversitydata.nl/naturalis/specimen/RMNH.AVES.219421","","dwc:occurrenceID","","","https://data.biodiversitydata.nl/naturalis/specimen/RMNH.AVES.219421"
"https://data.biodiversitydata.nl/naturalis/specimen/ZMA.AVES.13392","","dwc:occurrenceID","","","https://data.biodiversitydata.nl/naturalis/specimen/ZMA.AVES.13392"
"https://data.biodiversitydata.nl/naturalis/specimen/RMNH.AVES.53647","","dwc:occurrenceID","","","https://data.biodiversitydata.nl/naturalis/specimen/RMNH.AVES.53647"
"https://data.biodiversitydata.nl/naturalis/specimen/RMNH.AVES.74916","","dwc:occurrenceID","","","https://data.biodiversitydata.nl/naturalis/specimen/RMNH.AVES.74916"
"https://data.biodiversitydata.nl/naturalis/specimen/RMNH.AVES.16394","","dwc:occurrenceID","","","https://data.biodiversitydata.nl/naturalis/specimen/RMNH.AVES.16394"
"https://data.biodiversitydata.nl/naturalis/specimen/RMNH.AVES.153661","","dwc:occurrenceID","","","https://data.biodiversitydata.nl/naturalis/specimen/RMNH.AVES.153661"
"https://data.biodiversitydata.nl/naturalis/specimen/RMNH.AVES.149027","","dwc:occurrenceID","","","https://data.biodiversitydata.nl/naturalis/specimen/RMNH.AVES.149027"
"https://data.biodiversitydata.nl/naturalis/specimen/RMNH.AVES.56155","","dwc:occurrenceID","","","https://data.biodiversitydata.nl/naturalis/specimen/RMNH.AVES.56155"
"https://data.biodiversitydata.nl/naturalis/specimen/ZMA.AVES.33696","","dwc:occurrenceID","","","https://data.biodiversitydata.nl/naturalis/specimen/ZMA.AVES.33696"
"https://data.biodiversitydata.nl/naturalis/specimen/RMNH.AVES.230205","","dwc:occurrenceID","","","https://data.biodiversitydata.nl/naturalis/specimen/RMNH.AVES.230205"
"https://data.biodiversitydata.nl/naturalis/specimen/RMNH.AVES.254786","","dwc:occurrenceID","","","https://data.biodiversitydata.nl/naturalis/specimen/RMNH.AVES.254786"
"https://data.biodiversitydata.nl/naturalis/specimen/ZMA.AVES.23597","","dwc:occurrenceID","","","https://data.biodiversitydata.nl/naturalis/specimen/ZMA.AVES.23597"
"https://data.biodiversitydata.nl/naturalis/specimen/RMNH.AVES.209780","","dwc:occurrenceID","","","https://data.biodiversitydata.nl/naturalis/specimen/RMNH.AVES.209780"
"https://data.biodiversitydata.nl/naturalis/specimen/ZMA.AVES.11517","","dwc:occurrenceID","","","https://data.biodiversitydata.nl/naturalis/specimen/ZMA.AVES.11517"
"https://data.biodiversitydata.nl/naturalis/specimen/ZMA.AVES.46311","","dwc:occurrenceID","","","https://data.biodiversitydata.nl/naturalis/specimen/ZMA.AVES.46311"
"https://data.biodiversitydata.nl/naturalis/specimen/RMNH.AVES.203562","","dwc:occurrenceID","","","https://data.biodiversitydata.nl/naturalis/specimen/RMNH.AVES.203562"
"https://data.biodiversitydata.nl/naturalis/specimen/RMNH.AVES.208622","","dwc:occurrenceID","","","https://data.biodiversitydata.nl/naturalis/specimen/RMNH.AVES.208622"
"https://data.biodiversitydata.nl/naturalis/specimen/RMNH.AVES.179677","","dwc:occurrenceID","","","https://data.biodiversitydata.nl/naturalis/specimen/RMNH.AVES.179677"
"https://data.biodiversitydata.nl/naturalis/specimen/ZMA.AVES.63087.b","","dwc:occurrenceID","","","https://data.biodiversitydata.nl/naturalis/specimen/ZMA.AVES.63087.b"
"https://data.biodiversitydata.nl/naturalis/specimen/RMNH.AVES.153305","","dwc:occurrenceID","","","https://data.biodiversitydata.nl/naturalis/specimen/RMNH.AVES.153305"
"https://data.biodiversitydata.nl/naturalis/specimen/RMNH.AVES.143308","","dwc:occurrenceID","","","https://data.biodiversitydata.nl/naturalis/specimen/RMNH.AVES.143308"
"https://data.biodiversitydata.nl/naturalis/specimen/RMNH.5070242.c","","dwc:occurrenceID","","","https://data.biodiversitydata.nl/naturalis/specimen/RMNH.5070242.c"
"https://data.biodiversitydata.nl/naturalis/specimen/RMNH.AVES.26347","","dwc:occurrenceID","","","https://data.biodiversitydata.nl/naturalis/specimen/RMNH.AVES.26347"
"https://data.biodiversitydata.nl/naturalis/specimen/RMNH.AVES.121916","","dwc:occurrenceID","","","https://data.biodiversitydata.nl/naturalis/specimen/RMNH.AVES.121916"
"https://data.biodiversitydata.nl/naturalis/specimen/ZMA.AVES.9571","","dwc:occurrenceID","","","https://data.biodiversitydata.nl/naturalis/specimen/ZMA.AVES.9571"
"https://data.biodiversitydata.nl/naturalis/specimen/RMNH.AVES.100019","","dwc:occurrenceID","","","https://data.biodiversitydata.nl/naturalis/specimen/RMNH.AVES.100019"
"https://data.biodiversitydata.nl/naturalis/specimen/RMNH.AVES.15127","","dwc:occurrenceID","","","https://data.biodiversitydata.nl/naturalis/specimen/RMNH.AVES.15127"
"https://data.biodiversitydata.nl/naturalis/specimen/RMNH.AVES.61338","","dwc:occurrenceID","","","https://data.biodiversitydata.nl/naturalis/specimen/RMNH.AVES.61338"
"https://data.biodiversitydata.nl/naturalis/specimen/RMNH.AVES.177206","","dwc:occurrenceID","","","https://data.biodiversitydata.nl/naturalis/specimen/RMNH.AVES.177206"
"https://data.biodiversitydata.nl/naturalis/specimen/RMNH.AVES.252950","","dwc:occurrenceID","","","https://data.biodiversitydata.nl/naturalis/specimen/RMNH.AVES.252950"
"https://data.biodiversitydata.nl/naturalis/specimen/RMNH.AVES.140130","","dwc:occurrenceID","","","https://data.biodiversitydata.nl/naturalis/specimen/RMNH.AVES.140130"
"https://data.biodiversitydata.nl/naturalis/specimen/ZMA.AVES.49773","","dwc:occurrenceID","","","https://data.biodiversitydata.nl/naturalis/specimen/ZMA.AVES.49773"
"https://data.biodiversitydata.nl/naturalis/specimen/ZMA.AVES.14478","","dwc:occurrenceID","","","https://data.biodiversitydata.nl/naturalis/specimen/ZMA.AVES.14478"
"https://data.biodiversitydata.nl/naturalis/specimen/RMNH.AVES.64307","","dwc:occurrenceID","","","https://data.biodiversitydata.nl/naturalis/specimen/RMNH.AVES.64307"
"https://data.biodiversitydata.nl/naturalis/specimen/RMNH.AVES.15668","","dwc:occurrenceID","","","https://data.biodiversitydata.nl/naturalis/specimen/RMNH.AVES.15668"
"https://data.biodiversitydata.nl/naturalis/specimen/RMNH.AVES.197796","","dwc:occurrenceID","","","https://data.biodiversitydata.nl/naturalis/specimen/RMNH.AVES.197796"
"https://data.biodiversitydata.nl/naturalis/specimen/ZMA.AVES.39545","","dwc:occurrenceID","","","https://data.biodiversitydata.nl/naturalis/specimen/ZMA.AVES.39545"
"https://data.biodiversitydata.nl/naturalis/specimen/RMNH.AVES.124","","dwc:occurrenceID","","","https://data.biodiversitydata.nl/naturalis/specimen/RMNH.AVES.124"
