"ASSOCIATEDSEQUENCES","CATALOGNUMBER","COLLECTEDBY","COLLECTEDBYID","COLLECTIONCODE","COLLECTIONID","DATAGENERALIZATIONS","DATEIDENTIFIED","DERIVATIONEVENTID","DERIVATIONTYPE","DERIVEDFROMMATERIALENTITYID","DISPOSITION","EVENTID","EVIDENCEFOROCCURRENCEID","HIGHERCLASSIFICATIONNAME","HIGHERCLASSIFICATIONRANK","IDENTIFICATIONREFERENCES","IDENTIFICATIONREMARKS","IDENTIFICATIONVERIFICATIONSTATUS","IDENTIFIEDBY","IDENTIFIEDBYID","INFORMATIONWITHHELD","INSTITUTIONCODE","INSTITUTIONID","ISPARTOFMATERIALENTITYID","MATERIALCATEGORY","MATERIALENTITYID","MATERIALENTITYREMARKS","MATERIALENTITYTYPE","MATERIALREFERENCES","OBJECTQUANTITY","OBJECTQUANTITYTYPE","OTHERCATALOGNUMBERS","OWNERINSTITUTIONCODE","OWNERINSTITUTIONID","PREPARATIONS","RECORDNUMBER","SCIENTIFICNAME","TAXONFORMULA","TAXONID","TAXONRANK","TAXONREMARKS","TYPEDESIGNATIONTYPE","TYPESTATUS","TYPIFIEDNAME","VERBATIMIDENTIFICATION","VERBATIMLABEL"
"","","","","","","","","","","","","544398640","","","","","","","","","","","https://ror.org/0566bfb96","","","https://doi.org/TEST/ZZZ-Y8V-0B4","","","","","","","","","WholeOrganism (air dried)","","","","","","","","","","",""
"","","","","","","","","","","","","-1534638981","","","","","","","","","","","https://ror.org/0566bfb96","","","https://doi.org/TEST/ZZZ-Y7F-49F","","","","","","","","","WholeOrganism (air dried)","","","","","","","","","","",""
"","","","","","","","","","","","","919910985","","","","","","","","","","","https://ror.org/0566bfb96","","","https://doi.org/TEST/ZZZ-Y28-CG4","","","","","","","","","WholeOrganism (air dried)","","","","","","","","","","",""
"","","","","","","","","","","","","319946362","","","","","","","","","","","https://ror.org/0566bfb96","","","https://doi.org/TEST/ZZZ-NMV-T5R","","","","","","","","","WholeOrganism (air dried)","","","","","","","","","","",""
"","","","","","","","","","","","","-1623322894","","","","","","","","","","","https://ror.org/0566bfb96","","","https://doi.org/TEST/ZZZ-LNE-V04","","","","","","","","","WholeOrganism (wet specimen)","","","","","","","","","","",""
"","","","","","","","","","","","","-2085369367","","","","","","","","","","","https://ror.org/0566bfb96","","","https://doi.org/TEST/ZZZ-LHT-VJX","","","","","","","","","WholeOrganism (alcohol)","","","","","","","","","","",""
"","","","","","","","","","","","","-1449874949","","","","","","","","","","","https://ror.org/0566bfb96","","","https://doi.org/TEST/ZZZ-KAF-0PM","","","","","","","","","WholeOrganism (air dried)","","","","","","","","","","",""
"","","","","","","","","","","","","1017781852","","","","","","","","","","","https://ror.org/0566bfb96","","","https://doi.org/TEST/ZZZ-HG3-NBR","","","","","","","","","WholeOrganism (pinned specimen)","","","","","","","","","","",""
"","","","","","","","","","","","","-1919587205","","","","","","","","","","","https://ror.org/0566bfb96","","","https://doi.org/TEST/ZZZ-G3G-36T","","","","","","","","","WholeOrganism (air dried)","","","","","","","","","","",""
"","","","","","","","","","","","","156816752","","","","","","","","","","","https://ror.org/0566bfb96","","","https://doi.org/TEST/ZZZ-EX4-ZHS","","","","","","","","","WholeOrganism (air dried)","","","","","","","","","","",""
"","","","","","","","","","","","","606885208","","","","","","","","","","","https://ror.org/0566bfb96","","","https://doi.org/TEST/ZZZ-EAV-G4S","","","","","","","","","WholeOrganism (air dried)","","","","","","","","","","",""
"","","","","","","","","","","","","-1411385314","","","","","","","","","","","https://ror.org/0566bfb96","","","https://doi.org/TEST/ZZZ-DPK-537","","","","","","","","","WholeOrganism (pinned specimen)","","","","","","","","","","",""
"","","","","","","","","","","","","-882278954","","","","","","","","","","","https://ror.org/0566bfb96","","","https://doi.org/TEST/ZZZ-DAW-FNY","","","","","","","","","WholeOrganism (air dried)","","","","","","","","","","",""
"","","","","","","","","","","","","-2073881644","","","","","","","","","","","https://ror.org/0566bfb96","","","https://doi.org/TEST/ZZZ-D91-P2W","","","","","","","","","WholeOrganism (air dried)","","","","","","","","","","",""
"","","","","","","","","","","","","721058331","","","","","","","","","","","https://ror.org/0566bfb96","","","https://doi.org/TEST/ZZZ-CR9-W1R","","","","","","","","","WholeOrganism (air dried)","","","","","","","","","","",""
"","","","","","","","","","","","","122464054","","","","","","","","","","","https://ror.org/0566bfb96","","","https://doi.org/TEST/ZZZ-CNK-8F1","","","","","","","","","WholeOrganism (alcohol)","","","","","","","","","","",""
"","","","","","","","","","","","","-1160614207","","","","","","","","","","","https://ror.org/0566bfb96","","","https://doi.org/TEST/ZZZ-B80-APS","","","","","","","","","WholeOrganism (air dried)","","","","","","","","","","",""
"","","","","","","","","","","","","2080542942","","","","","","","","","","","https://ror.org/0566bfb96","","","https://doi.org/TEST/ZZZ-ABT-HYH","","","","","","","","","WholeOrganism (Air dried)","","","","","","","","","","",""
"","","","","","","","","","","","","-2094289602","","","","","","","","","","","https://ror.org/0566bfb96","","","https://doi.org/TEST/ZZZ-9WB-WEZ","","","","","","","","","WholeOrganism (pinned specimen)","","","","","","","","","","",""
"","","","","","","","","","","","","-1144642543","","","","","","","","","","","https://ror.org/0566bfb96","","","https://doi.org/TEST/ZZZ-8KQ-NFR","","","","","","","","","WholeOrganism (air dried)","","","","","","","","","","",""
"","","","","","","","","","","","","1007609377","","","","","","","","","","","https://ror.org/0566bfb96","","","https://doi.org/TEST/ZZZ-6X7-SNJ","","","","","","","","","WholeOrganism (air dried)","","","","","","","","","","",""
"","","","","","","","","","","","","1948139272","","","","","","","","","","","https://ror.org/0566bfb96","","","https://doi.org/TEST/ZZZ-68F-1RT","","","","","","","","","WholeOrganism (alcohol 70%)","","","","","","","","","","",""
"","","","","","","","","","","","","-251639343","","","","","","","","","","","https://ror.org/0566bfb96","","","https://doi.org/TEST/ZZZ-67T-04A","","","","","","","","","WholeOrganism (air dried)","","","","","","","","","","",""
"","","","","","","","","","","","","-1732452213","","","","","","","","","","","https://ror.org/0566bfb96","","","https://doi.org/TEST/ZZZ-4Y1-VWM","","","","","","","","","WholeOrganism (alcohol 70%)","","","","","","","","","","",""
"","","","","","","","","","","","","1189627415","","","","","","","","","","","https://ror.org/0566bfb96","","","https://doi.org/TEST/ZZZ-2MR-2V6","","","","","","","","","WholeOrganism (air dried)","","","","","","","","","","",""
"","","","","","","","","","","","","427030543","","","","","","","","","","","https://ror.org/0566bfb96","","","https://doi.org/TEST/ZZZ-2KY-EQD","","","","","","","","","WholeOrganism (air dried)","","","","","","","","","","",""
"","","","","","","","","","","","","-1025854248","","","","","","","","","","","https://ror.org/0566bfb96","","","https://doi.org/TEST/ZZZ-2AK-PLL","","","","","","","","","WholeOrganism (air dried)","","","","","","","","","","",""
"","","","","","","","","","","","","2003806045","","","","","","","","","","","https://ror.org/0566bfb96","","","https://doi.org/TEST/ZZZ-0S8-X1H","","","","","","","","","WholeOrganism (air dried)","","","","","","","","","","",""
"","","","","","","","","","","","","-1201934631","","","","","","","","","","","https://ror.org/0566bfb96","","","https://doi.org/TEST/ZZZ-02C-ZQQ","","","","","","","","","WholeOrganism (alcohol)","","","","","","","","","","",""
"","","","","","","","","","","","","-1268801065","","","","","","","","","","","https://ror.org/0566bfb96","","","https://doi.org/TEST/ZZY-SKD-Z7K","","","","","","","","","WholeOrganism (air dried)","","","","","","","","","","",""
"","","","","","","","","","","","","838973712","","","","","","","","","","","https://ror.org/0566bfb96","","","https://doi.org/TEST/ZZY-L90-JSM","","","","","","","","","(microscopic slide)","","","","","","","","","","",""
"","","","","","","","","","","","","-523346627","","","","","","","","","","","https://ror.org/0566bfb96","","","https://doi.org/TEST/ZZY-J36-HY0","","","","","","","","","WholeOrganism (air dried)","","","","","","","","","","",""
"","","","","","","","","","","","","-431814449","","","","","","","","","","","https://ror.org/0566bfb96","","","https://doi.org/TEST/ZZY-HDM-G4A","","","","","","","","","WholeOrganism (air dried)","","","","","","","","","","",""
"","","","","","","","","","","","","534192033","","","","","","","","","","","https://ror.org/0566bfb96","","","https://doi.org/TEST/ZZY-FPT-ESZ","","","","","","","","","WholeOrganism (pinned specimen)","","","","","","","","","","",""
"","","","","","","","","","","","","1487886643","","","","","","","","","","","https://ror.org/0566bfb96","","","https://doi.org/TEST/ZZY-EHR-R3Z","","","","","","","","","WholeOrganism (pinned specimen)","","","","","","","","","","",""
"","","","","","","","","","","","","-43886903","","","","","","","","","","","https://ror.org/0566bfb96","","","https://doi.org/TEST/ZZY-B3J-TLS","","","","","","","","","WholeOrganism (alcohol)","","","","","","","","","","",""
"","","","","","","","","","","","","-2034500171","","","","","","","","","","","https://ror.org/0566bfb96","","","https://doi.org/TEST/ZZY-9ZE-B56","","","","","","","","","WholeOrganism (pinned specimen)","","","","","","","","","","",""
"","","","","","","","","","","","","-1179022419","","","","","","","","","","","https://ror.org/0566bfb96","","","https://doi.org/TEST/ZZY-78V-301","","","","","","","","","WholeOrganism (air dried)","","","","","","","","","","",""
"","","","","","","","","","","","","-841320936","","","","","","","","","","","https://ror.org/0566bfb96","","","https://doi.org/TEST/ZZY-6XZ-YTG","","","","","","","","","WholeOrganism (air dried)","","","","","","","","","","",""
"","","","","","","","","","","","","556519966","","","","","","","","","","","https://ror.org/0566bfb96","","","https://doi.org/TEST/ZZY-630-3KR","","","","","","","","","WholeOrganism (alcohol 70%)","","","","","","","","","","",""
"","","","","","","","","","","","","1492101296","","","","","","","","","","","https://ror.org/0566bfb96","","","https://doi.org/TEST/ZZY-5GY-2ZL","","","","","","","","","WholeOrganism (air dried)","","","","","","","","","","",""
"","","","","","","","","","","","","285048943","","","","","","","","","","","https://ror.org/0566bfb96","","","https://doi.org/TEST/ZZY-4RM-FL9","","","","","","","","","WholeOrganism (Air dried)","","","","","","","","","","",""
"","","","","","","","","","","","","-904676539","","","","","","","","","","","https://ror.org/0566bfb96","","","https://doi.org/TEST/ZZY-2GZ-KG4","","","","","","","","","WholeOrganism (air dried)","","","","","","","","","","",""
"","","","","","","","","","","","","-350334608","","","","","","","","","","","https://ror.org/0566bfb96","","","https://doi.org/TEST/ZZX-YKE-R8T","","","","","","","","","WholeOrganism (air dried)","","","","","","","","","","",""
"","","","","","","","","","","","","2130886686","","","","","","","","","","","https://ror.org/0566bfb96","","","https://doi.org/TEST/ZZX-X9D-W1P","","","","","","","","","WholeOrganism (pinned specimen)","","","","","","","","","","",""
"","","","","","","","","","","","","648789261","","","","","","","","","","","https://ror.org/0566bfb96","","","https://doi.org/TEST/ZZX-W8T-T95","","","","","","","","","WholeOrganism (air dried)","","","","","","","","","","",""
"","","","","","","","","","","","","1545824935","","","","","","","","","","","https://ror.org/0566bfb96","","","https://doi.org/TEST/ZZX-VZL-FSB","","","","","","","","","WholeOrganism (air dried)","","","","","","","","","","",""
"","","","","","","","","","","","","1313628796","","","","","","","","","","","https://ror.org/0566bfb96","","","https://doi.org/TEST/ZZX-TQK-LQ2","","","","","","","","","WholeOrganism (air dried)","","","","","","","","","","",""
"","","","","","","","","","","","","-1813492050","","","","","","","","","","","https://ror.org/0566bfb96","","","https://doi.org/TEST/ZZX-SX7-2PX","","","","","","","","","WholeOrganism (air dried)","","","","","","","","","","",""
"","","","","","","","","","","","","-2009219912","","","","","","","","","","","https://ror.org/0566bfb96","","","https://doi.org/TEST/ZZX-Q7A-T8K","","","","","","","","","(alcohol)","","","","","","","","","","",""
"","","","","","","","","","","","","-984541162","","","","","","","","","","","https://ror.org/0566bfb96","","","https://doi.org/TEST/ZZX-P6W-BWR","","","","","","","","","WholeOrganism (air dried)","","","","","","","","","","",""
"","","","","","","","","","","","","-461199717","","","","","","","","","","","https://ror.org/0566bfb96","","","https://doi.org/TEST/ZZX-P53-KJP","","","","","","","","","WholeOrganism (air dried)","","","","","","","","","","",""
"","","","","","","","","","","","","-1376234147","","","","","","","","","","","https://ror.org/0566bfb96","","","https://doi.org/TEST/ZZX-N0Z-E0G","","","","","","","","","WholeOrganism (alcohol)","","","","","","","","","","",""
"","","","","","","","","","","","","-72033225","","","","","","","","","","","https://ror.org/0566bfb96","","","https://doi.org/TEST/ZZX-M5N-3GX","","","","","","","","","WholeOrganism (air dried)","","","","","","","","","","",""
"","","","","","","","","","","","","-279489658","","","","","","","","","","","https://ror.org/0566bfb96","","","https://doi.org/TEST/ZZX-L55-2XR","","","","","","","","","WholeOrganism (air dried)","","","","","","","","","","",""
"","","","","","","","","","","","","1669364757","","","","","","","","","","","https://ror.org/0566bfb96","","","https://doi.org/TEST/ZZX-K83-HWV","","","","","","","","","not applicable","","","","","","","","","","",""
"","","","","","","","","","","","","-1235070193","","","","","","","","","","","https://ror.org/0566bfb96","","","https://doi.org/TEST/ZZX-JNW-JK6","","","","","","","","","WholeOrganism (wet specimen)","","","","","","","","","","",""
"","","","","","","","","","","","","2020474529","","","","","","","","","","","https://ror.org/0566bfb96","","","https://doi.org/TEST/ZZX-FT2-MRH","","","","","","","","","WholeOrganism (air dried)","","","","","","","","","","",""
"","","","","","","","","","","","","-2038204983","","","","","","","","","","","https://ror.org/0566bfb96","","","https://doi.org/TEST/ZZX-FAY-1S8","","","","","","","","","WholeOrganism (air dried)","","","","","","","","","","",""
"","","","","","","","","","","","","-1636344294","","","","","","","","","","","https://ror.org/0566bfb96","","","https://doi.org/TEST/ZZX-F64-YHJ","","","","","","","","","(alcohol)","","","","","","","","","","",""
"","","","","","","","","","","","","1789830998","","","","","","","","","","","https://ror.org/0566bfb96","","","https://doi.org/TEST/ZZX-EL0-H95","","","","","","","","","WholeOrganism (air dried)","","","","","","","","","","",""
"","","","","","","","","","","","","-1731821276","","","","","","","","","","","https://ror.org/0566bfb96","","","https://doi.org/TEST/ZZX-DNA-HS2","","","","","","","","","WholeOrganism (air dried)","","","","","","","","","","",""
"","","","","","","","","","","","","-2049436774","","","","","","","","","","","https://ror.org/0566bfb96","","","https://doi.org/TEST/ZZX-D0V-AY6","","","","","","","","","(alcohol)","","","","","","","","","","",""
"","","","","","","","","","","","","-1431957888","","","","","","","","","","","https://ror.org/0566bfb96","","","https://doi.org/TEST/ZZX-CRB-WPT","","","","","","","","","WholeOrganism (air dried)","","","","","","","","","","",""
"","","","","","","","","","","","","2059752519","","","","","","","","","","","https://ror.org/0566bfb96","","","https://doi.org/TEST/ZZX-8J0-MZL","","","","","","","","","WholeOrganism (air dried)","","","","","","","","","","",""
"","","","","","","","","","","","","733215465","","","","","","","","","","","https://ror.org/0566bfb96","","","https://doi.org/TEST/ZZX-8GE-6FB","","","","","","","","","WholeOrganism (air dried)","","","","","","","","","","",""
"","","","","","","","","","","","","-1256492130","","","","","","","","","","","https://ror.org/0566bfb96","","","https://doi.org/TEST/ZZX-7AE-7P5","","","","","","","","","WholeOrganism (air dried)","","","","","","","","","","",""
"","","","","","","","","","","","","1662272755","","","","","","","","","","","https://ror.org/0566bfb96","","","https://doi.org/TEST/ZZX-6BH-80Q","","","","","","","","","WholeOrganism (air dried)","","","","","","","","","","",""
"","","","","","","","","","","","","1063631726","","","","","","","","","","","https://ror.org/0566bfb96","","","https://doi.org/TEST/ZZX-275-6HB","","","","","","","","","(microscopic slide)","","","","","","","","","","",""
"","","","","","","","","","","","","-1237785078","","","","","","","","","","","https://ror.org/0566bfb96","","","https://doi.org/TEST/ZZX-11G-P2Q","","","","","","","","","WholeOrganism (air dried)","","","","","","","","","","",""
"","","","","","","","","","","","","-39855121","","","","","","","","","","","https://ror.org/0566bfb96","","","https://doi.org/TEST/ZZW-YBD-FRV","","","","","","","","","(microscopic slide)","","","","","","","","","","",""
"","","","","","","","","","","","","-1338799893","","","","","","","","","","","https://ror.org/0566bfb96","","","https://doi.org/TEST/ZZW-V2Q-J1V","","","","","","","","","WholeOrganism (air dried)","","","","","","","","","","",""
"","","","","","","","","","","","","1493809672","","","","","","","","","","","https://ror.org/0566bfb96","","","https://doi.org/TEST/ZZW-R2D-ZAL","","","","","","","","","WholeOrganism (air dried)","","","","","","","","","","",""
"","","","","","","","","","","","","-127843266","","","","","","","","","","","https://ror.org/0566bfb96","","","https://doi.org/TEST/ZZW-P74-R9B","","","","","","","","","WholeOrganism (air dried)","","","","","","","","","","",""
"","","","","","","","","","","","","548888617","","","","","","","","","","","https://ror.org/0566bfb96","","","https://doi.org/TEST/ZZW-NA0-5D5","","","","","","","","","WholeOrganism (air dried)","","","","","","","","","","",""
"","","","","","","","","","","","","-404613602","","","","","","","","","","","https://ror.org/0566bfb96","","","https://doi.org/TEST/ZZW-N38-6L4","","","","","","","","","not applicable","","","","","","","","","","",""
"","","","","","","","","","","","","217156341","","","","","","","","","","","https://ror.org/0566bfb96","","","https://doi.org/TEST/ZZW-MYM-F6H","","","","","","","","","WholeOrganism (air dried)","","","","","","","","","","",""
"","","","","","","","","","","","","1941342514","","","","","","","","","","","https://ror.org/0566bfb96","","","https://doi.org/TEST/ZZW-MNT-R1E","","","","","","","","","WholeOrganism (air dried)","","","","","","","","","","",""
"","","","","","","","","","","","","1858172754","","","","","","","","","","","https://ror.org/0566bfb96","","","https://doi.org/TEST/ZZW-K6F-DM2","","","","","","","","","WholeOrganism (air dried)","","","","","","","","","","",""
"","","","","","","","","","","","","-2012931060","","","","","","","","","","","https://ror.org/0566bfb96","","","https://doi.org/TEST/ZZW-EGG-XF5","","","","","","","","","WholeOrganism (air dried)","","","","","","","","","","",""
"","","","","","","","","","","","","-291724097","","","","","","","","","","","https://ror.org/0566bfb96","","","https://doi.org/TEST/ZZW-CN9-VW1","","","","","","","","","WholeOrganism (air dried)","","","","","","","","","","",""
"","","","","","","","","","","","","458019612","","","","","","","","","","","https://ror.org/0566bfb96","","","https://doi.org/TEST/ZZW-B9D-ZEB","","","","","","","","","WholeOrganism (air dried)","","","","","","","","","","",""
"","","","","","","","","","","","","-631038871","","","","","","","","","","","https://ror.org/0566bfb96","","","https://doi.org/TEST/ZZW-8RE-9J6","","","","","","","","","WholeOrganism (air dried)","","","","","","","","","","",""
"","","","","","","","","","","","","454895582","","","","","","","","","","","https://ror.org/0566bfb96","","","https://doi.org/TEST/ZZW-8NB-QHD","","","","","","","","","(wet specimen)","","","","","","","","","","",""
"","","","","","","","","","","","","-1066687680","","","","","","","","","","","https://ror.org/0566bfb96","","","https://doi.org/TEST/ZZW-8N1-CAK","","","","","","","","","WholeOrganism (pinned specimen)","","","","","","","","","","",""
"","","","","","","","","","","","","-1379323019","","","","","","","","","","","https://ror.org/0566bfb96","","","https://doi.org/TEST/ZZW-8GB-B8R","","","","","","","","","WholeOrganism (air dried)","","","","","","","","","","",""
"","","","","","","","","","","","","-1829882648","","","","","","","","","","","https://ror.org/0566bfb96","","","https://doi.org/TEST/ZZW-7WP-ZMH","","","","","","","","","WholeOrganism (air dried)","","","","","","","","","","",""
"","","","","","","","","","","","","-1294167896","","","","","","","","","","","https://ror.org/0566bfb96","","","https://doi.org/TEST/ZZW-7TE-L66","","","","","","","","","WholeOrganism (Air dried)","","","","","","","","","","",""
"","","","","","","","","","","","","191509008","","","","","","","","","","","https://ror.org/0566bfb96","","","https://doi.org/TEST/ZZW-7PM-S7X","","","","","","","","","WholeOrganism (alcohol)","","","","","","","","","","",""
"","","","","","","","","","","","","626097758","","","","","","","","","","","https://ror.org/0566bfb96","","","https://doi.org/TEST/ZZW-6PM-FNZ","","","","","","","","","WholeOrganism (air dried)","","","","","","","","","","",""
"","","","","","","","","","","","","351157318","","","","","","","","","","","https://ror.org/0566bfb96","","","https://doi.org/TEST/ZZW-5DT-3YX","","","","","","","","","WholeOrganism (alcohol)","","","","","","","","","","",""
"","","","","","","","","","","","","381820948","","","","","","","","","","","https://ror.org/0566bfb96","","","https://doi.org/TEST/ZZW-3SZ-Z2J","","","","","","","","","WholeOrganism (air dried)","","","","","","","","","","",""
"","","","","","","","","","","","","-692312545","","","","","","","","","","","https://ror.org/0566bfb96","","","https://doi.org/TEST/ZZW-3Q7-DT3","","","","","","","","","WholeOrganism (air dried)","","","","","","","","","","",""
"","","","","","","","","","","","","1146920792","","","","","","","","","","","https://ror.org/0566bfb96","","","https://doi.org/TEST/ZZW-38R-E2M","","","","","","","","","WholeOrganism (alcohol)","","","","","","","","","","",""
"","","","","","","","","","","","","529582238","","","","","","","","","","","https://ror.org/0566bfb96","","","https://doi.org/TEST/ZZW-2VX-CQ3","","","","","","","","","WholeOrganism (air dried)","","","","","","","","","","",""
"","","","","","","","","","","","","1181894805","","","","","","","","","","","https://ror.org/0566bfb96","","","https://doi.org/TEST/ZZW-2J1-6BF","","","","","","","","","WholeOrganism (air dried)","","","","","","","","","","",""
"","","","","","","","","","","","","-563331553","","","","","","","","","","","https://ror.org/0566bfb96","","","https://doi.org/TEST/ZZW-1VZ-MRR","","","","","","","","","WholeOrganism (air dried)","","","","","","","","","","",""
"","","","","","","","","","","","","1704241307","","","","","","","","","","","https://ror.org/0566bfb96","","","https://doi.org/TEST/ZZW-1HE-XJ2","","","","","","","","","WholeOrganism (air dried)","","","","","","","","","","",""
"","","","","","","","","","","","","1219565218","","","","","","","","","","","https://ror.org/0566bfb96","","","https://doi.org/TEST/ZZW-1EZ-SST","","","","","","","","","(microscopic slide)","","","","","","","","","","",""
"","","","","","","","","","","","","-1280611302","","","","","","","","","","","https://ror.org/0566bfb96","","","https://doi.org/TEST/ZZV-Y4M-2VY","","","","","","","","","WholeOrganism (alcohol)","","","","","","","","","","",""
"","","","","","","","","","","","","2096874891","","","","","","","","","","","https://ror.org/0566bfb96","","","https://doi.org/TEST/ZZV-W5H-S4E","","","","","","","","","WholeOrganism (pinned specimen)","","","","","","","","","","",""
"","","","","","","","","","","","","156816752","","","","","","","","","","","https://ror.org/0566bfb96","","","https://doi.org/TEST/ZZV-VAJ-ASS","","","","","","","","","WholeOrganism (air dried)","","","","","","","","","","",""
"","","","","","","","","","","","","-1431243213","","","","","","","","","","","https://ror.org/0566bfb96","","","https://doi.org/TEST/ZZV-QVC-PP1","","","","","","","","","WholeOrganism (air dried)","","","","","","","","","","",""
"","","","","","","","","","","","","-1765149121","","","","","","","","","","","https://ror.org/0566bfb96","","","https://doi.org/TEST/ZZV-PMT-9BG","","","","","","","","","WholeOrganism (air dried)","","","","","","","","","","",""
"","","","","","","","","","","","","-1867047668","","","","","","","","","","","https://ror.org/0566bfb96","","","https://doi.org/TEST/ZZV-NHQ-7Y2","","","","","","","","","WholeOrganism (air dried)","","","","","","","","","","",""
"","","","","","","","","","","","","-19796078","","","","","","","","","","","https://ror.org/0566bfb96","","","https://doi.org/TEST/ZZV-LP3-E9C","","","","","","","","","WholeOrganism (air dried)","","","","","","","","","","",""
"","","","","","","","","","","","","-317725637","","","","","","","","","","","https://ror.org/0566bfb96","","","https://doi.org/TEST/ZZV-L92-4LE","","","","","","","","","WholeOrganism (air dried)","","","","","","","","","","",""
"","","","","","","","","","","","","-474003270","","","","","","","","","","","https://ror.org/0566bfb96","","","https://doi.org/TEST/ZZV-L6Y-9J2","","","","","","","","","(alcohol)","","","","","","","","","","",""
"","","","","","","","","","","","","1669364757","","","","","","","","","","","https://ror.org/0566bfb96","","","https://doi.org/TEST/ZZV-KK5-L7R","","","","","","","","","(microscopic slide)","","","","","","","","","","",""
"","","","","","","","","","","","","1826597807","","","","","","","","","","","https://ror.org/0566bfb96","","","https://doi.org/TEST/ZZV-H24-HLY","","","","","","","","","WholeOrganism (air dried)","","","","","","","","","","",""
"","","","","","","","","","","","","-1915426319","","","","","","","","","","","https://ror.org/0566bfb96","","","https://doi.org/TEST/ZZV-GFY-W12","","","","","","","","","WholeOrganism (Air dried)","","","","","","","","","","",""
"","","","","","","","","","","","","806857111","","","","","","","","","","","https://ror.org/0566bfb96","","","https://doi.org/TEST/ZZV-DE0-JE0","","","","","","","","","not applicable","","","","","","","","","","",""
"","","","","","","","","","","","","-153512010","","","","","","","","","","","https://ror.org/0566bfb96","","","https://doi.org/TEST/ZZV-D44-4BS","","","","","","","","","WholeOrganism (pinned specimen)","","","","","","","","","","",""
"","","","","","","","","","","","","-541416574","","","","","","","","","","","https://ror.org/0566bfb96","","","https://doi.org/TEST/ZZV-AB8-C8A","","","","","","","","","WholeOrganism (pinned specimen)","","","","","","","","","","",""
"","","","","","","","","","","","","-951181259","","","","","","","","","","","https://ror.org/0566bfb96","","","https://doi.org/TEST/ZZV-8ZF-AV9","","","","","","","","","WholeOrganism (Air dried)","","","","","","","","","","",""
"","","","","","","","","","","","","1644584053","","","","","","","","","","","https://ror.org/0566bfb96","","","https://doi.org/TEST/ZZV-8C5-K9Z","","","","","","","","","WholeOrganism (air dried)","","","","","","","","","","",""
"","","","","","","","","","","","","-1466024606","","","","","","","","","","","https://ror.org/0566bfb96","","","https://doi.org/TEST/ZZV-6R8-5YN","","","","","","","","","WholeOrganism (air dried)","","","","","","","","","","",""
"","","","","","","","","","","","","-998868745","","","","","","","","","","","https://ror.org/0566bfb96","","","https://doi.org/TEST/ZZV-5LW-3XF","","","","","","","","","WholeOrganism (alcohol)","","","","","","","","","","",""
"","","","","","","","","","","","","432726652","","","","","","","","","","","https://ror.org/0566bfb96","","","https://doi.org/TEST/ZZV-48X-PK8","","","","","","","","","WholeOrganism (air dried)","","","","","","","","","","",""
"","","","","","","","","","","","","-1871079804","","","","","","","","","","","https://ror.org/0566bfb96","","","https://doi.org/TEST/ZZV-3FH-A6N","","","","","","","","","WholeOrganism (air dried)","","","","","","","","","","",""
"","","","","","","","","","","","","1263990478","","","","","","","","","","","https://ror.org/0566bfb96","","","https://doi.org/TEST/ZZV-1YG-B05","","","","","","","","","WholeOrganism (air dried)","","","","","","","","","","",""
"","","","","","","","","","","","","-72539375","","","","","","","","","","","https://ror.org/0566bfb96","","","https://doi.org/TEST/ZZV-1XH-CBK","","","","","","","","","WholeOrganism (air dried)","","","","","","","","","","",""
"","","","","","","","","","","","","1669364757","","","","","","","","","","","https://ror.org/0566bfb96","","","https://doi.org/TEST/ZZV-1L0-TGW","","","","","","","","","WholeOrganism (wet specimen)","","","","","","","","","","",""
"","","","","","","","","","","","","-1034699551","","","","","","","","","","","https://ror.org/0566bfb96","","","https://doi.org/TEST/ZZT-ZG9-D7J","","","","","","","","","AnimalPart (microscopic slide)","","","","","","","","","","",""
"","","","","","","","","","","","","908877396","","","","","","","","","","","https://ror.org/0566bfb96","","","https://doi.org/TEST/ZZT-YVY-YL5","","","","","","","","","WholeOrganism (air dried)","","","","","","","","","","",""
"","","","","","","","","","","","","-1294167896","","","","","","","","","","","https://ror.org/0566bfb96","","","https://doi.org/TEST/ZZT-T86-1SE","","","","","","","","","WholeOrganism (Air dried)","","","","","","","","","","",""
"","","","","","","","","","","","","1669364757","","","","","","","","","","","https://ror.org/0566bfb96","","","https://doi.org/TEST/ZZT-SS9-DXX","","","","","","","","","(microscopic slide)","","","","","","","","","","",""
"","","","","","","","","","","","","693517883","","","","","","","","","","","https://ror.org/0566bfb96","","","https://doi.org/TEST/ZZT-S7P-J9V","","","","","","","","","WholeOrganism (alcohol 70%)","","","","","","","","","","",""
"","","","","","","","","","","","","-1403135013","","","","","","","","","","","https://ror.org/0566bfb96","","","https://doi.org/TEST/ZZT-R1Z-VYB","","","","","","","","","WholeOrganism (air dried)","","","","","","","","","","",""
"","","","","","","","","","","","","-1491516763","","","","","","","","","","","https://ror.org/0566bfb96","","","https://doi.org/TEST/ZZT-QRC-A5Z","","","","","","","","","WholeOrganism (air dried)","","","","","","","","","","",""
"","","","","","","","","","","","","-967750451","","","","","","","","","","","https://ror.org/0566bfb96","","","https://doi.org/TEST/ZZT-MGN-ZFJ","","","","","","","","","WholeOrganism (Air dried)","","","","","","","","","","",""
"","","","","","","","","","","","","1833672397","","","","","","","","","","","https://ror.org/0566bfb96","","","https://doi.org/TEST/ZZT-MBT-NNQ","","","","","","","","","WholeOrganism (air dried)","","","","","","","","","","",""
"","","","","","","","","","","","","-1819494811","","","","","","","","","","","https://ror.org/0566bfb96","","","https://doi.org/TEST/ZZT-LKW-SDY","","","","","","","","","WholeOrganism (alcohol)","","","","","","","","","","",""
"","","","","","","","","","","","","-2036034984","","","","","","","","","","","https://ror.org/0566bfb96","","","https://doi.org/TEST/ZZT-HZV-QBE","","","","","","","","","WholeOrganism (air dried)","","","","","","","","","","",""
"","","","","","","","","","","","","133133470","","","","","","","","","","","https://ror.org/0566bfb96","","","https://doi.org/TEST/ZZT-HKZ-ERD","","","","","","","","","WholeOrganism (air dried)","","","","","","","","","","",""
"","","","","","","","","","","","","899646138","","","","","","","","","","","https://ror.org/0566bfb96","","","https://doi.org/TEST/ZZT-HEZ-JRM","","","","","","","","","WholeOrganism (air dried)","","","","","","","","","","",""
"","","","","","","","","","","","","1170942465","","","","","","","","","","","https://ror.org/0566bfb96","","","https://doi.org/TEST/ZZT-G57-TJH","","","","","","","","","WholeOrganism (pinned specimen)","","","","","","","","","","",""
"","","","","","","","","","","","","1669364757","","","","","","","","","","","https://ror.org/0566bfb96","","","https://doi.org/TEST/ZZT-FK0-4N4","","","","","","","","","WholeOrganism (alcohol)","","","","","","","","","","",""
"","","","","","","","","","","","","233410754","","","","","","","","","","","https://ror.org/0566bfb96","","","https://doi.org/TEST/ZZT-FDH-VGF","","","","","","","","","WholeOrganism (air dried)","","","","","","","","","","",""
"","","","","","","","","","","","","541982723","","","","","","","","","","","https://ror.org/0566bfb96","","","https://doi.org/TEST/ZZT-BLD-738","","","","","","","","","WholeOrganism (air dried)","","","","","","","","","","",""
"","","","","","","","","","","","","285048943","","","","","","","","","","","https://ror.org/0566bfb96","","","https://doi.org/TEST/ZZT-AV2-BZD","","","","","","","","","WholeOrganism (air dried)","","","","","","","","","","",""
"","","","","","","","","","","","","1434406803","","","","","","","","","","","https://ror.org/0566bfb96","","","https://doi.org/TEST/ZZT-AMG-ZWF","","","","","","","","","WholeOrganism (Air dried)","","","","","","","","","","",""
"","","","","","","","","","","","","-1227864528","","","","","","","","","","","https://ror.org/0566bfb96","","","https://doi.org/TEST/ZZT-A1L-97L","","","","","","","","","WholeOrganism (air dried)","","","","","","","","","","",""
"","","","","","","","","","","","","1697979438","","","","","","","","","","","https://ror.org/0566bfb96","","","https://doi.org/TEST/ZZT-806-WC6","","","","","","","","","WholeOrganism (air dried)","","","","","","","","","","",""
"","","","","","","","","","","","","-1087959590","","","","","","","","","","","https://ror.org/0566bfb96","","","https://doi.org/TEST/ZZT-4V6-4DN","","","","","","","","","WholeOrganism (air dried)","","","","","","","","","","",""
"","","","","","","","","","","","","-150911129","","","","","","","","","","","https://ror.org/0566bfb96","","","https://doi.org/TEST/ZZT-27E-8E6","","","","","","","","","WholeOrganism (air dried)","","","","","","","","","","",""
"","","","","","","","","","","","","-402554069","","","","","","","","","","","https://ror.org/0566bfb96","","","https://doi.org/TEST/ZZT-0HY-QZB","","","","","","","","","WholeOrganism (air dried)","","","","","","","","","","",""
"","","","","","","","","","","","","528938766","","","","","","","","","","","https://ror.org/0566bfb96","","","https://doi.org/TEST/ZZS-XGP-4NY","","","","","","","","","WholeOrganism (air dried)","","","","","","","","","","",""
"","","","","","","","","","","","","-790512586","","","","","","","","","","","https://ror.org/0566bfb96","","","https://doi.org/TEST/ZZS-VEX-7CN","","","","","","","","","WholeOrganism (air dried)","","","","","","","","","","",""
"","","","","","","","","","","","","517197080","","","","","","","","","","","https://ror.org/0566bfb96","","","https://doi.org/TEST/ZZS-NVA-M8N","","","","","","","","","WholeOrganism (pinned specimen)","","","","","","","","","","",""
"","","","","","","","","","","","","-1395443140","","","","","","","","","","","https://ror.org/0566bfb96","","","https://doi.org/TEST/ZZS-NJQ-1G3","","","","","","","","","WholeOrganism (wet specimen)","","","","","","","","","","",""
"","","","","","","","","","","","","-1173257831","","","","","","","","","","","https://ror.org/0566bfb96","","","https://doi.org/TEST/ZZS-JG3-5TE","","","","","","","","","(microscopic slide)","","","","","","","","","","",""
"","","","","","","","","","","","","99442885","","","","","","","","","","","https://ror.org/0566bfb96","","","https://doi.org/TEST/ZZS-J1V-3XW","","","","","","","","","WholeOrganism (air dried)","","","","","","","","","","",""
"","","","","","","","","","","","","-1949952566","","","","","","","","","","","https://ror.org/0566bfb96","","","https://doi.org/TEST/ZZS-GWD-793","","","","","","","","","WholeOrganism (Air dried)","","","","","","","","","","",""
"","","","","","","","","","","","","597168403","","","","","","","","","","","https://ror.org/0566bfb96","","","https://doi.org/TEST/ZZS-GPA-4XT","","","","","","","","","WholeOrganism (Air dried)","","","","","","","","","","",""
"","","","","","","","","","","","","-1301195177","","","","","","","","","","","https://ror.org/0566bfb96","","","https://doi.org/TEST/ZZS-GFB-XX1","","","","","","","","","WholeOrganism (Air dried)","","","","","","","","","","",""
"","","","","","","","","","","","","-1109549294","","","","","","","","","","","https://ror.org/0566bfb96","","","https://doi.org/TEST/ZZS-GD3-GQD","","","","","","","","","WholeOrganism (air dried)","","","","","","","","","","",""
"","","","","","","","","","","","","-20350254","","","","","","","","","","","https://ror.org/0566bfb96","","","https://doi.org/TEST/ZZS-DHE-FP0","","","","","","","","","WholeOrganism (air dried)","","","","","","","","","","",""
"","","","","","","","","","","","","-1912971167","","","","","","","","","","","https://ror.org/0566bfb96","","","https://doi.org/TEST/ZZS-C4C-MM4","","","","","","","","","(alcohol 70%)","","","","","","","","","","",""
"","","","","","","","","","","","","1612335042","","","","","","","","","","","https://ror.org/0566bfb96","","","https://doi.org/TEST/ZZS-AQP-8KP","","","","","","","","","WholeOrganism (air dried)","","","","","","","","","","",""
"","","","","","","","","","","","","285048943","","","","","","","","","","","https://ror.org/0566bfb96","","","https://doi.org/TEST/ZZS-A19-JFR","","","","","","","","","WholeOrganism (Air dried)","","","","","","","","","","",""
"","","","","","","","","","","","","904076170","","","","","","","","","","","https://ror.org/0566bfb96","","","https://doi.org/TEST/ZZS-9CN-6BA","","","","","","","","","WholeOrganism (air dried)","","","","","","","","","","",""
"","","","","","","","","","","","","1362293755","","","","","","","","","","","https://ror.org/0566bfb96","","","https://doi.org/TEST/ZZS-98X-7EG","","","","","","","","","WholeOrganism (air dried)","","","","","","","","","","",""
"","","","","","","","","","","","","-1425652955","","","","","","","","","","","https://ror.org/0566bfb96","","","https://doi.org/TEST/ZZS-8C4-8ZS","","","","","","","","","WholeOrganism (pinned specimen)","","","","","","","","","","",""
"","","","","","","","","","","","","-1065478262","","","","","","","","","","","https://ror.org/0566bfb96","","","https://doi.org/TEST/ZZS-6VE-9Q9","","","","","","","","","WholeOrganism (pinned specimen)","","","","","","","","","","",""
"","","","","","","","","","","","","-324746115","","","","","","","","","","","https://ror.org/0566bfb96","","","https://doi.org/TEST/ZZS-682-WGN","","","","","","","","","WholeOrganism (Air dried)","","","","","","","","","","",""
"","","","","","","","","","","","","-2018724597","","","","","","","","","","","https://ror.org/0566bfb96","","","https://doi.org/TEST/ZZS-666-BBG","","","","","","","","","WholeOrganism (pinned specimen)","","","","","","","","","","",""
"","","","","","","","","","","","","1669364757","","","","","","","","","","","https://ror.org/0566bfb96","","","https://doi.org/TEST/ZZS-48K-Q5W","","","","","","","","","WholeOrganism (microscopic slide)","","","","","","","","","","",""
"","","","","","","","","","","","","-373617969","","","","","","","","","","","https://ror.org/0566bfb96","","","https://doi.org/TEST/ZZS-12X-WSQ","","","","","","","","","WholeOrganism (Air dried)","","","","","","","","","","",""
"","","","","","","","","","","","","1076677306","","","","","","","","","","","https://ror.org/0566bfb96","","","https://doi.org/TEST/ZZR-ZY5-6CR","","","","","","","","","WholeOrganism (pinned specimen)","","","","","","","","","","",""
"","","","","","","","","","","","","-1495953808","","","","","","","","","","","https://ror.org/0566bfb96","","","https://doi.org/TEST/ZZR-WK1-60T","","","","","","","","","WholeOrganism (air dried)","","","","","","","","","","",""
"","","","","","","","","","","","","285048943","","","","","","","","","","","https://ror.org/0566bfb96","","","https://doi.org/TEST/ZZR-WGR-B0K","","","","","","","","","(microscopic slide)","","","","","","","","","","",""
"","","","","","","","","","","","","1965747277","","","","","","","","","","","https://ror.org/0566bfb96","","","https://doi.org/TEST/ZZR-VZA-Q9Y","","","","","","","","","(alcohol)","","","","","","","","","","",""
"","","","","","","","","","","","","1005223445","","","","","","","","","","","https://ror.org/0566bfb96","","","https://doi.org/TEST/ZZR-SQ1-J6Z","","","","","","","","","WholeOrganism (air dried)","","","","","","","","","","",""
"","","","","","","","","","","","","-1300856529","","","","","","","","","","","https://ror.org/0566bfb96","","","https://doi.org/TEST/ZZR-SCS-0YB","","","","","","","","","WholeOrganism (air dried)","","","","","","","","","","",""
"","","","","","","","","","","","","1199384617","","","","","","","","","","","https://ror.org/0566bfb96","","","https://doi.org/TEST/ZZR-RMF-GKM","","","","","","","","","WholeOrganism (Air dried)","","","","","","","","","","",""
"","","","","","","","","","","","","2139232853","","","","","","","","","","","https://ror.org/0566bfb96","","","https://doi.org/TEST/ZZR-PWZ-C0L","","","","","","","","","WholeOrganism (air dried)","","","","","","","","","","",""
"","","","","","","","","","","","","-1984296385","","","","","","","","","","","https://ror.org/0566bfb96","","","https://doi.org/TEST/ZZR-NQX-HEZ","","","","","","","","","WholeOrganism (air dried)","","","","","","","","","","",""
"","","","","","","","","","","","","-442038286","","","","","","","","","","","https://ror.org/0566bfb96","","","https://doi.org/TEST/ZZR-N6N-EZG","","","","","","","","","WholeOrganism (air dried)","","","","","","","","","","",""
"","","","","","","","","","","","","-206774171","","","","","","","","","","","https://ror.org/0566bfb96","","","https://doi.org/TEST/ZZR-GRR-ED2","","","","","","","","","WholeOrganism (air dried)","","","","","","","","","","",""
"","","","","","","","","","","","","1343074548","","","","","","","","","","","https://ror.org/0566bfb96","","","https://doi.org/TEST/ZZR-GAA-GWC","","","","","","","","","WholeOrganism (air dried)","","","","","","","","","","",""
"","","","","","","","","","","","","-927273713","","","","","","","","","","","https://ror.org/0566bfb96","","","https://doi.org/TEST/ZZR-G09-48P","","","","","","","","","WholeOrganism (air dried)","","","","","","","","","","",""
"","","","","","","","","","","","","-1301195177","","","","","","","","","","","https://ror.org/0566bfb96","","","https://doi.org/TEST/ZZR-FXC-REZ","","","","","","","","","WholeOrganism (Air dried)","","","","","","","","","","",""
"","","","","","","","","","","","","-153325095","","","","","","","","","","","https://ror.org/0566bfb96","","","https://doi.org/TEST/ZZR-EFM-FWQ","","","","","","","","","WholeOrganism (air dried)","","","","","","","","","","",""
"","","","","","","","","","","","","-502828638","","","","","","","","","","","https://ror.org/0566bfb96","","","https://doi.org/TEST/ZZR-DZ5-EMH","","","","","","","","","WholeOrganism (air dried)","","","","","","","","","","",""
"","","","","","","","","","","","","1133163415","","","","","","","","","","","https://ror.org/0566bfb96","","","https://doi.org/TEST/ZZR-D76-D31","","","","","","","","","WholeOrganism (air dried)","","","","","","","","","","",""
"","","","","","","","","","","","","1173722409","","","","","","","","","","","https://ror.org/0566bfb96","","","https://doi.org/TEST/ZZR-CBG-DAF","","","","","","","","","WholeOrganism (pinned specimen)","","","","","","","","","","",""
"","","","","","","","","","","","","-1382817709","","","","","","","","","","","https://ror.org/0566bfb96","","","https://doi.org/TEST/ZZR-8HQ-TN7","","","","","","","","","WholeOrganism (pinned specimen)","","","","","","","","","","",""
"","","","","","","","","","","","","437240010","","","","","","","","","","","https://ror.org/0566bfb96","","","https://doi.org/TEST/ZZR-7AQ-BQS","","","","","","","","","WholeOrganism (air dried)","","","","","","","","","","",""
"","","","","","","","","","","","","-989175928","","","","","","","","","","","https://ror.org/0566bfb96","","","https://doi.org/TEST/ZZR-6PC-5K3","","","","","","","","","WholeOrganism (air dried)","","","","","","","","","","",""
"","","","","","","","","","","","","1130586118","","","","","","","","","","","https://ror.org/0566bfb96","","","https://doi.org/TEST/ZZR-6D5-B52","","","","","","","","","WholeOrganism (air dried)","","","","","","","","","","",""
"","","","","","","","","","","","","-373360562","","","","","","","","","","","https://ror.org/0566bfb96","","","https://doi.org/TEST/ZZQ-ZGW-AEQ","","","","","","","","","WholeOrganism (Air dried)","","","","","","","","","","",""
"","","","","","","","","","","","","-1303822428","","","","","","","","","","","https://ror.org/0566bfb96","","","https://doi.org/TEST/ZZQ-YGL-8HS","","","","","","","","","WholeOrganism (Air dried)","","","","","","","","","","",""
"","","","","","","","","","","","","370782306","","","","","","","","","","","https://ror.org/0566bfb96","","","https://doi.org/TEST/ZZQ-YEQ-SX9","","","","","","","","","WholeOrganism (Air dried)","","","","","","","","","","",""
"","","","","","","","","","","","","285048943","","","","","","","","","","","https://ror.org/0566bfb96","","","https://doi.org/TEST/ZZQ-YA0-EMY","","","","","","","","","WholeOrganism (pinned specimen)","","","","","","","","","","",""
"","","","","","","","","","","","","1451127432","","","","","","","","","","","https://ror.org/0566bfb96","","","https://doi.org/TEST/ZZQ-WY7-H3R","","","","","","","","","WholeOrganism (alcohol)","","","","","","","","","","",""
"","","","","","","","","","","","","1820182064","","","","","","","","","","","https://ror.org/0566bfb96","","","https://doi.org/TEST/ZZQ-VJK-AY6","","","","","","","","","WholeOrganism (Air dried)","","","","","","","","","","",""
"","","","","","","","","","","","","1402393698","","","","","","","","","","","https://ror.org/0566bfb96","","","https://doi.org/TEST/ZZQ-RSG-JMY","","","","","","","","","WholeOrganism (air dried)","","","","","","","","","","",""
"","","","","","","","","","","","","887919060","","","","","","","","","","","https://ror.org/0566bfb96","","","https://doi.org/TEST/ZZQ-Q5V-WS8","","","","","","","","","WholeOrganism (pinned specimen)","","","","","","","","","","",""
"","","","","","","","","","","","","1783712148","","","","","","","","","","","https://ror.org/0566bfb96","","","https://doi.org/TEST/ZZQ-PR2-EAS","","","","","","","","","WholeOrganism (pinned specimen)","","","","","","","","","","",""
"","","","","","","","","","","","","-1379323019","","","","","","","","","","","https://ror.org/0566bfb96","","","https://doi.org/TEST/ZZQ-PFW-GEZ","","","","","","","","","WholeOrganism (air dried)","","","","","","","","","","",""
"","","","","","","","","","","","","1679361451","","","","","","","","","","","https://ror.org/0566bfb96","","","https://doi.org/TEST/ZZQ-PBE-61N","","","","","","","","","WholeOrganism (Air dried)","","","","","","","","","","",""
"","","","","","","","","","","","","573769708","","","","","","","","","","","https://ror.org/0566bfb96","","","https://doi.org/TEST/ZZQ-NXM-KVG","","","","","","","","","WholeOrganism (air dried)","","","","","","","","","","",""
"","","","","","","","","","","","","-1562142689","","","","","","","","","","","https://ror.org/0566bfb96","","","https://doi.org/TEST/ZZQ-MDP-LGC","","","","","","","","","WholeOrganism (alcohol)","","","","","","","","","","",""
"","","","","","","","","","","","","2089890560","","","","","","","","","","","https://ror.org/0566bfb96","","","https://doi.org/TEST/ZZQ-LEC-MDS","","","","","","","","","WholeOrganism (air dried)","","","","","","","","","","",""
"","","","","","","","","","","","","28403315","","","","","","","","","","","https://ror.org/0566bfb96","","","https://doi.org/TEST/ZZQ-JJD-HJV","","","","","","","","","WholeOrganism (air dried)","","","","","","","","","","",""
"","","","","","","","","","","","","-141369899","","","","","","","","","","","https://ror.org/0566bfb96","","","https://doi.org/TEST/ZZQ-GQ0-CMC","","","","","","","","","WholeOrganism (pinned specimen)","","","","","","","","","","",""
"","","","","","","","","","","","","838973712","","","","","","","","","","","https://ror.org/0566bfb96","","","https://doi.org/TEST/ZZQ-F59-6GB","","","","","","","","","(microscopic slide)","","","","","","","","","","",""
"","","","","","","","","","","","","370782306","","","","","","","","","","","https://ror.org/0566bfb96","","","https://doi.org/TEST/ZZQ-DMV-7ED","","","","","","","","","WholeOrganism (Air dried)","","","","","","","","","","",""
"","","","","","","","","","","","","677019954","","","","","","","","","","","https://ror.org/0566bfb96","","","https://doi.org/TEST/ZZQ-BG0-8KC","","","","","","","","","(alcohol)","","","","","","","","","","",""
"","","","","","","","","","","","","1662846326","","","","","","","","","","","https://ror.org/0566bfb96","","","https://doi.org/TEST/ZZQ-B0G-2NM","","","","","","","","","WholeOrganism (air dried)","","","","","","","","","","",""
"","","","","","","","","","","","","1063691615","","","","","","","","","","","https://ror.org/0566bfb96","","","https://doi.org/TEST/ZZQ-9YH-X6Q","","","","","","","","","WholeOrganism (pinned specimen)","","","","","","","","","","",""
"","","","","","","","","","","","","1197230064","","","","","","","","","","","https://ror.org/0566bfb96","","","https://doi.org/TEST/ZZQ-5P0-9DP","","","","","","","","","WholeOrganism (air dried)","","","","","","","","","","",""
"","","","","","","","","","","","","1652067589","","","","","","","","","","","https://ror.org/0566bfb96","","","https://doi.org/TEST/ZZQ-5BJ-DRN","","","","","","","","","WholeOrganism (air dried)","","","","","","","","","","",""
"","","","","","","","","","","","","-608480296","","","","","","","","","","","https://ror.org/0566bfb96","","","https://doi.org/TEST/ZZQ-56H-KJQ","","","","","","","","","WholeOrganism (air dried)","","","","","","","","","","",""
"","","","","","","","","","","","","475719709","","","","","","","","","","","https://ror.org/0566bfb96","","","https://doi.org/TEST/ZZQ-50D-Z45","","","","","","","","","WholeOrganism (alcohol)","","","","","","","","","","",""
"","","","","","","","","","","","","1591210957","","","","","","","","","","","https://ror.org/0566bfb96","","","https://doi.org/TEST/ZZQ-4G1-DWW","","","","","","","","","WholeOrganism (wet specimen)","","","","","","","","","","",""
"","","","","","","","","","","","","-1027183477","","","","","","","","","","","https://ror.org/0566bfb96","","","https://doi.org/TEST/ZZQ-4AW-B33","","","","","","","","","WholeOrganism (air dried)","","","","","","","","","","",""
"","","","","","","","","","","","","-425874519","","","","","","","","","","","https://ror.org/0566bfb96","","","https://doi.org/TEST/ZZQ-3QQ-WW2","","","","","","","","","WholeOrganism (air dried)","","","","","","","","","","",""
"","","","","","","","","","","","","2048936251","","","","","","","","","","","https://ror.org/0566bfb96","","","https://doi.org/TEST/ZZQ-2N9-4DZ","","","","","","","","","WholeOrganism (air dried)","","","","","","","","","","",""
"","","","","","","","","","","","","-2054061326","","","","","","","","","","","https://ror.org/0566bfb96","","","https://doi.org/TEST/ZZQ-1Y7-768","","","","","","","","","WholeOrganism (air dried)","","","","","","","","","","",""
"","","","","","","","","","","","","-1406250731","","","","","","","","","","","https://ror.org/0566bfb96","","","https://doi.org/TEST/ZZQ-0V6-XR1","","","","","","","","","WholeOrganism (pinned specimen)","","","","","","","","","","",""
"","","","","","","","","","","","","-1791398688","","","","","","","","","","","https://ror.org/0566bfb96","","","https://doi.org/TEST/ZZP-YC9-CJL","","","","","","","","","WholeOrganism (air dried)","","","","","","","","","","",""
"","","","","","","","","","","","","-251390885","","","","","","","","","","","https://ror.org/0566bfb96","","","https://doi.org/TEST/ZZP-XC8-QHG","","","","","","","","","WholeOrganism (air dried)","","","","","","","","","","",""
"","","","","","","","","","","","","-1119819362","","","","","","","","","","","https://ror.org/0566bfb96","","","https://doi.org/TEST/ZZP-VKS-BDB","","","","","","","","","WholeOrganism (pinned specimen)","","","","","","","","","","",""
"","","","","","","","","","","","","-1287521948","","","","","","","","","","","https://ror.org/0566bfb96","","","https://doi.org/TEST/ZZP-R7F-QTF","","","","","","","","","WholeOrganism (air dried)","","","","","","","","","","",""
"","","","","","","","","","","","","1383235395","","","","","","","","","","","https://ror.org/0566bfb96","","","https://doi.org/TEST/ZZP-NQR-0ZV","","","","","","","","","WholeOrganism (Air dried)","","","","","","","","","","",""
"","","","","","","","","","","","","-1854836897","","","","","","","","","","","https://ror.org/0566bfb96","","","https://doi.org/TEST/ZZP-GPN-Z3Y","","","","","","","","","(alcohol)","","","","","","","","","","",""
"","","","","","","","","","","","","1989724260","","","","","","","","","","","https://ror.org/0566bfb96","","","https://doi.org/TEST/ZZP-F3F-RKC","","","","","","","","","WholeOrganism (alcohol 70%)","","","","","","","","","","",""
"","","","","","","","","","","","","-557811302","","","","","","","","","","","https://ror.org/0566bfb96","","","https://doi.org/TEST/ZZP-E1M-7DS","","","","","","","","","WholeOrganism (alcohol)","","","","","","","","","","",""
"","","","","","","","","","","","","978516190","","","","","","","","","","","https://ror.org/0566bfb96","","","https://doi.org/TEST/ZZP-5J9-EDE","","","","","","","","","WholeOrganism (air dried)","","","","","","","","","","",""
"","","","","","","","","","","","","-464131824","","","","","","","","","","","https://ror.org/0566bfb96","","","https://doi.org/TEST/ZZP-384-P1V","","","","","","","","","WholeOrganism (alcohol)","","","","","","","","","","",""
"","","","","","","","","","","","","529582238","","","","","","","","","","","https://ror.org/0566bfb96","","","https://doi.org/TEST/ZZP-2V5-6M8","","","","","","","","","WholeOrganism (air dried)","","","","","","","","","","",""
"","","","","","","","","","","","","1385715566","","","","","","","","","","","https://ror.org/0566bfb96","","","https://doi.org/TEST/ZZP-0KR-F6F","","","","","","","","","WholeOrganism (air dried)","","","","","","","","","","",""
"","","","","","","","","","","","","-711703550","","","","","","","","","","","https://ror.org/0566bfb96","","","https://doi.org/TEST/ZZN-ZDG-T80","","","","","","","","","WholeOrganism (air dried)","","","","","","","","","","",""
"","","","","","","","","","","","","284185834","","","","","","","","","","","https://ror.org/0566bfb96","","","https://doi.org/TEST/ZZN-Z7W-1WH","","","","","","","","","WholeOrganism (air dried)","","","","","","","","","","",""
"","","","","","","","","","","","","-1976402136","","","","","","","","","","","https://ror.org/0566bfb96","","","https://doi.org/TEST/ZZN-YAX-6RZ","","","","","","","","","WholeOrganism (pinned specimen)","","","","","","","","","","",""
"","","","","","","","","","","","","318397447","","","","","","","","","","","https://ror.org/0566bfb96","","","https://doi.org/TEST/ZZN-TZ0-65L","","","","","","","","","WholeOrganism (Air dried)","","","","","","","","","","",""
"","","","","","","","","","","","","-2083728262","","","","","","","","","","","https://ror.org/0566bfb96","","","https://doi.org/TEST/ZZN-TKR-372","","","","","","","","","WholeOrganism (air dried)","","","","","","","","","","",""
"","","","","","","","","","","","","1608422435","","","","","","","","","","","https://ror.org/0566bfb96","","","https://doi.org/TEST/ZZN-QJL-1Q7","","","","","","","","","WholeOrganism (alcohol)","","","","","","","","","","",""
"","","","","","","","","","","","","2076192630","","","","","","","","","","","https://ror.org/0566bfb96","","","https://doi.org/TEST/ZZN-QA4-GMQ","","","","","","","","","WholeOrganism (air dried)","","","","","","","","","","",""
"","","","","","","","","","","","","1213884514","","","","","","","","","","","https://ror.org/0566bfb96","","","https://doi.org/TEST/ZZN-PV2-VMV","","","","","","","","","(microscopic slide)","","","","","","","","","","",""
"","","","","","","","","","","","","133133470","","","","","","","","","","","https://ror.org/0566bfb96","","","https://doi.org/TEST/ZZN-MNT-HW6","","","","","","","","","WholeOrganism (air dried)","","","","","","","","","","",""
"","","","","","","","","","","","","529582238","","","","","","","","","","","https://ror.org/0566bfb96","","","https://doi.org/TEST/ZZN-M52-D9W","","","","","","","","","WholeOrganism (air dried)","","","","","","","","","","",""
"","","","","","","","","","","","","2139094058","","","","","","","","","","","https://ror.org/0566bfb96","","","https://doi.org/TEST/ZZN-JXR-NN4","","","","","","","","","WholeOrganism (air dried)","","","","","","","","","","",""
"","","","","","","","","","","","","-1205863997","","","","","","","","","","","https://ror.org/0566bfb96","","","https://doi.org/TEST/ZZN-JAX-6YE","","","","","","","","","WholeOrganism (air dried)","","","","","","","","","","",""
"","","","","","","","","","","","","-338537126","","","","","","","","","","","https://ror.org/0566bfb96","","","https://doi.org/TEST/ZZN-HE1-QN8","","","","","","","","","WholeOrganism (alcohol)","","","","","","","","","","",""
"","","","","","","","","","","","","-644994586","","","","","","","","","","","https://ror.org/0566bfb96","","","https://doi.org/TEST/ZZN-H4F-CK2","","","","","","","","","WholeOrganism (air dried)","","","","","","","","","","",""
"","","","","","","","","","","","","786394368","","","","","","","","","","","https://ror.org/0566bfb96","","","https://doi.org/TEST/ZZN-CKM-LKG","","","","","","","","","WholeOrganism (air dried)","","","","","","","","","","",""
"","","","","","","","","","","","","1523056924","","","","","","","","","","","https://ror.org/0566bfb96","","","https://doi.org/TEST/ZZN-ASK-XCQ","","","","","","","","","WholeOrganism (pinned specimen)","","","","","","","","","","",""
"","","","","","","","","","","","","806857111","","","","","","","","","","","https://ror.org/0566bfb96","","","https://doi.org/TEST/ZZN-6VX-M53","","","","","","","","","not applicable","","","","","","","","","","",""
"","","","","","","","","","","","","-449718379","","","","","","","","","","","https://ror.org/0566bfb96","","","https://doi.org/TEST/ZZN-6C8-BBE","","","","","","","","","WholeOrganism (air dried)","","","","","","","","","","",""
"","","","","","","","","","","","","1483469658","","","","","","","","","","","https://ror.org/0566bfb96","","","https://doi.org/TEST/ZZN-67N-ZDK","","","","","","","","","WholeOrganism (air dried)","","","","","","","","","","",""
"","","","","","","","","","","","","-1436719034","","","","","","","","","","","https://ror.org/0566bfb96","","","https://doi.org/TEST/ZZN-5ZC-AGY","","","","","","","","","WholeOrganism (air dried)","","","","","","","","","","",""
"","","","","","","","","","","","","-13345696","","","","","","","","","","","https://ror.org/0566bfb96","","","https://doi.org/TEST/ZZN-5KW-PF5","","","","","","","","","WholeOrganism (air dried)","","","","","","","","","","",""
"","","","","","","","","","","","","987332622","","","","","","","","","","","https://ror.org/0566bfb96","","","https://doi.org/TEST/ZZN-4AS-VZA","","","","","","","","","WholeOrganism (air dried)","","","","","","","","","","",""
"","","","","","","","","","","","","1227392803","","","","","","","","","","","https://ror.org/0566bfb96","","","https://doi.org/TEST/ZZN-3FR-NA2","","","","","","","","","WholeOrganism (air dried)","","","","","","","","","","",""
"","","","","","","","","","","","","-1944687370","","","","","","","","","","","https://ror.org/0566bfb96","","","https://doi.org/TEST/ZZN-2V8-1VG","","","","","","","","","WholeOrganism (air dried)","","","","","","","","","","",""
"","","","","","","","","","","","","-1647311055","","","","","","","","","","","https://ror.org/0566bfb96","","","https://doi.org/TEST/ZZN-0TX-YCK","","","","","","","","","WholeOrganism (air dried)","","","","","","","","","","",""
"","","","","","","","","","","","","1974378002","","","","","","","","","","","https://ror.org/0566bfb96","","","https://doi.org/TEST/ZZN-0SA-ALW","","","","","","","","","WholeOrganism (Air dried)","","","","","","","","","","",""
"","","","","","","","","","","","","32622936","","","","","","","","","","","https://ror.org/0566bfb96","","","https://doi.org/TEST/ZZM-XC3-J3L","","","","","","","","","(alcohol)","","","","","","","","","","",""
"","","","","","","","","","","","","-1549602711","","","","","","","","","","","https://ror.org/0566bfb96","","","https://doi.org/TEST/ZZM-WYX-KJX","","","","","","","","","WholeOrganism (pinned specimen)","","","","","","","","","","",""
"","","","","","","","","","","","","-285563166","","","","","","","","","","","https://ror.org/0566bfb96","","","https://doi.org/TEST/ZZM-WCB-R1D","","","","","","","","","WholeOrganism (air dried)","","","","","","","","","","",""
"","","","","","","","","","","","","868671238","","","","","","","","","","","https://ror.org/0566bfb96","","","https://doi.org/TEST/ZZM-VNB-N7F","","","","","","","","","WholeOrganism (air dried)","","","","","","","","","","",""
"","","","","","","","","","","","","800051324","","","","","","","","","","","https://ror.org/0566bfb96","","","https://doi.org/TEST/ZZM-V70-WGG","","","","","","","","","WholeOrganism (air dried)","","","","","","","","","","",""
"","","","","","","","","","","","","-562745968","","","","","","","","","","","https://ror.org/0566bfb96","","","https://doi.org/TEST/ZZM-V4Z-ATW","","","","","","","","","WholeOrganism (alcohol)","","","","","","","","","","",""
"","","","","","","","","","","","","-373360562","","","","","","","","","","","https://ror.org/0566bfb96","","","https://doi.org/TEST/ZZM-T5M-LKN","","","","","","","","","WholeOrganism (Air dried)","","","","","","","","","","",""
"","","","","","","","","","","","","-1915954918","","","","","","","","","","","https://ror.org/0566bfb96","","","https://doi.org/TEST/ZZM-S0W-2E4","","","","","","","","","WholeOrganism (alcohol)","","","","","","","","","","",""
"","","","","","","","","","","","","1123484178","","","","","","","","","","","https://ror.org/0566bfb96","","","https://doi.org/TEST/ZZM-PLN-L3G","","","","","","","","","WholeOrganism (air dried)","","","","","","","","","","",""
"","","","","","","","","","","","","-347300721","","","","","","","","","","","https://ror.org/0566bfb96","","","https://doi.org/TEST/ZZM-N7P-FZT","","","","","","","","","WholeOrganism (air dried)","","","","","","","","","","",""
"","","","","","","","","","","","","-1414833899","","","","","","","","","","","https://ror.org/0566bfb96","","","https://doi.org/TEST/ZZM-MR4-R15","","","","","","","","","WholeOrganism (air dried)","","","","","","","","","","",""
"","","","","","","","","","","","","1128962625","","","","","","","","","","","https://ror.org/0566bfb96","","","https://doi.org/TEST/ZZM-M3E-KZF","","","","","","","","","(microscopic slide)","","","","","","","","","","",""
"","","","","","","","","","","","","1598155288","","","","","","","","","","","https://ror.org/0566bfb96","","","https://doi.org/TEST/ZZM-LCX-J71","","","","","","","","","(alcohol 70%)","","","","","","","","","","",""
"","","","","","","","","","","","","-1491885568","","","","","","","","","","","https://ror.org/0566bfb96","","","https://doi.org/TEST/ZZM-JVR-QXR","","","","","","","","","(microscopic slide)","","","","","","","","","","",""
"","","","","","","","","","","","","-1438511536","","","","","","","","","","","https://ror.org/0566bfb96","","","https://doi.org/TEST/ZZM-JR2-6NF","","","","","","","","","WholeOrganism (pinned specimen)","","","","","","","","","","",""
"","","","","","","","","","","","","18602590","","","","","","","","","","","https://ror.org/0566bfb96","","","https://doi.org/TEST/ZZM-F2K-SJ6","","","","","","","","","WholeOrganism (Air dried)","","","","","","","","","","",""
"","","","","","","","","","","","","517197080","","","","","","","","","","","https://ror.org/0566bfb96","","","https://doi.org/TEST/ZZM-E6W-X0R","","","","","","","","","WholeOrganism (air dried)","","","","","","","","","","",""
"","","","","","","","","","","","","-1650854876","","","","","","","","","","","https://ror.org/0566bfb96","","","https://doi.org/TEST/ZZM-BL6-NBZ","","","","","","","","","WholeOrganism (air dried)","","","","","","","","","","",""
"","","","","","","","","","","","","-1677119149","","","","","","","","","","","https://ror.org/0566bfb96","","","https://doi.org/TEST/ZZM-A12-9NP","","","","","","","","","WholeOrganism (air dried)","","","","","","","","","","",""
"","","","","","","","","","","","","-258538093","","","","","","","","","","","https://ror.org/0566bfb96","","","https://doi.org/TEST/ZZM-9AL-JWC","","","","","","","","","WholeOrganism (air dried)","","","","","","","","","","",""
"","","","","","","","","","","","","-641498365","","","","","","","","","","","https://ror.org/0566bfb96","","","https://doi.org/TEST/ZZM-6NB-8LQ","","","","","","","","","(microscopic slide)","","","","","","","","","","",""
"","","","","","","","","","","","","183139928","","","","","","","","","","","https://ror.org/0566bfb96","","","https://doi.org/TEST/ZZM-6AJ-1PF","","","","","","","","","WholeOrganism (air dried)","","","","","","","","","","",""
"","","","","","","","","","","","","-916325221","","","","","","","","","","","https://ror.org/0566bfb96","","","https://doi.org/TEST/ZZM-5JQ-3XH","","","","","","","","","WholeOrganism (air dried)","","","","","","","","","","",""
"","","","","","","","","","","","","860779406","","","","","","","","","","","https://ror.org/0566bfb96","","","https://doi.org/TEST/ZZM-34E-X1V","","","","","","","","","WholeOrganism (air dried)","","","","","","","","","","",""
"","","","","","","","","","","","","838973712","","","","","","","","","","","https://ror.org/0566bfb96","","","https://doi.org/TEST/ZZM-23W-AA5","","","","","","","","","WholeOrganism (wet specimen)","","","","","","","","","","",""
"","","","","","","","","","","","","-2086215816","","","","","","","","","","","https://ror.org/0566bfb96","","","https://doi.org/TEST/ZZM-1V8-2Y1","","","","","","","","","WholeOrganism (wet specimen)","","","","","","","","","","",""
"","","","","","","","","","","","","548122540","","","","","","","","","","","https://ror.org/0566bfb96","","","https://doi.org/TEST/ZZM-08T-RHS","","","","","","","","","WholeOrganism (air dried)","","","","","","","","","","",""
"","","","","","","","","","","","","-155290416","","","","","","","","","","","https://ror.org/0566bfb96","","","https://doi.org/TEST/ZZL-ZK7-74N","","","","","","","","","WholeOrganism (air dried)","","","","","","","","","","",""
"","","","","","","","","","","","","1498970549","","","","","","","","","","","https://ror.org/0566bfb96","","","https://doi.org/TEST/ZZL-YR7-YPX","","","","","","","","","WholeOrganism (air dried)","","","","","","","","","","",""
"","","","","","","","","","","","","-889274521","","","","","","","","","","","https://ror.org/0566bfb96","","","https://doi.org/TEST/ZZL-WKR-RGV","","","","","","","","","WholeOrganism (air dried)","","","","","","","","","","",""
"","","","","","","","","","","","","-758673296","","","","","","","","","","","https://ror.org/0566bfb96","","","https://doi.org/TEST/ZZL-SA4-ADE","","","","","","","","","WholeOrganism (pinned specimen)","","","","","","","","","","",""
"","","","","","","","","","","","","-313275074","","","","","","","","","","","https://ror.org/0566bfb96","","","https://doi.org/TEST/ZZL-RW5-JAS","","","","","","","","","WholeOrganism (air dried)","","","","","","","","","","",""
"","","","","","","","","","","","","-2124091949","","","","","","","","","","","https://ror.org/0566bfb96","","","https://doi.org/TEST/ZZL-QVX-SC6","","","","","","","","","WholeOrganism (pinned specimen)","","","","","","","","","","",""
"","","","","","","","","","","","","165220834","","","","","","","","","","","https://ror.org/0566bfb96","","","https://doi.org/TEST/ZZL-KNF-KQK","","","","","","","","","WholeOrganism (air dried)","","","","","","","","","","",""
"","","","","","","","","","","","","1485078999","","","","","","","","","","","https://ror.org/0566bfb96","","","https://doi.org/TEST/ZZL-KKF-529","","","","","","","","","WholeOrganism (alcohol)","","","","","","","","","","",""
"","","","","","","","","","","","","-1036937920","","","","","","","","","","","https://ror.org/0566bfb96","","","https://doi.org/TEST/ZZL-HN5-W2B","","","","","","","","","WholeOrganism (air dried)","","","","","","","","","","",""
"","","","","","","","","","","","","-1799336367","","","","","","","","","","","https://ror.org/0566bfb96","","","https://doi.org/TEST/ZZL-DQG-RVA","","","","","","","","","WholeOrganism (air dried)","","","","","","","","","","",""
"","","","","","","","","","","","","-256164938","","","","","","","","","","","https://ror.org/0566bfb96","","","https://doi.org/TEST/ZZL-B3T-D69","","","","","","","","","WholeOrganism (air dried)","","","","","","","","","","",""
"","","","","","","","","","","","","1023826173","","","","","","","","","","","https://ror.org/0566bfb96","","","https://doi.org/TEST/ZZL-B0C-NJ8","","","","","","","","","WholeOrganism (air dried)","","","","","","","","","","",""
"","","","","","","","","","","","","2079642019","","","","","","","","","","","https://ror.org/0566bfb96","","","https://doi.org/TEST/ZZL-97D-9VD","","","","","","","","","(microscopic slide)","","","","","","","","","","",""
