"ACCESSURI","ATTRIBUTIONLINKURL","ATTRIBUTIONLOGOURL","AVAILABLE","CAPTION","CAPTUREDEVICE","COLLECTIONCODE","COLLECTIONID","COMMENTER","COMMENTERLITERAL","COMMENTS","CREATEDATE","CREATOR","CREATORIRI","CREDIT","DERIVEDFROM","DESCRIPTION","FEEDBACKURL","FORMAT","FORMATIRI","FUNDINGATTRIBUTION","FUNDINGATTRIBUTIONID","FURTHERINFORMATIONURL","HASHFUNCTION","HASHVALUE","HASSERVICEACCESSPOINT","LANGUAGE","LANGUAGEIRI","LICENSELOGOURL","LICENSINGEXCEPTION","MEDIAID","MEDIATYPE","METADATACREATOR","METADATACREATORLITERAL","METADATADATE","METADATALANGUAGE","METADATALANGUAGELITERAL","METADATAPROVIDER","METADATAPROVIDERLITERAL","MODIFIED","OWNER","PIXELXDIMENSION","PIXELYDIMENSION","PROVIDER","PROVIDERLITERAL","RESOURCECREATIONTECHNIQUE","REVIEWER","REVIEWERCOMMENTS","REVIEWERLITERAL","RIGHTS","RIGHTSIRI","SERVICEEXPECTATION","SOURCE","SOURCEIRI","SUBTYPE","SUBTYPELITERAL","TAG","TIMEOFDAY","TITLE","USAGETERMS","VARIANT","VARIANTDESCRIPTION","VARIANTLITERAL","WEBSTATEMENT"
"https://medialib.naturalis.nl/file/id/RMNH.AVES.150920_2/format/large","","","","","","","","","","","","","","","","","","image/jpeg","","","","","","","","","","","","https://doi.org/TEST/ZTV-W5G-8T8","StillImage","","","","","","","","2025-06-04T14:08:21.896Z","","null","null","","","","","","","http://creativecommons.org/publicdomain/zero/1.0/legalcode","","","","","","","","","","","ac:GoodQuality","","",""
"https://medialib.naturalis.nl/file/id/RMNH.AVES.24254_2/format/large","","","","","","","","","","","","","","","","","","image/jpeg","","","","","","","","","","","","https://doi.org/TEST/ZKW-02P-LD0","StillImage","","","","","","","","2025-06-04T14:09:34.564Z","","null","null","","","","","","","http://creativecommons.org/publicdomain/zero/1.0/legalcode","","","","","","","","","","","ac:GoodQuality","","",""
"https://medialib.naturalis.nl/file/id/RMNH.AVES.122916_1/format/large","","","","","","","","","","","","","","","","","","image/jpeg","","","","","","","","","","","","https://doi.org/TEST/ZJM-AFA-J5C","StillImage","","","","","","","","2025-06-04T14:09:41.804Z","","null","null","","","","","","","http://creativecommons.org/publicdomain/zero/1.0/legalcode","","","","","","","","","","","ac:GoodQuality","","",""
"https://medialib.naturalis.nl/file/id/RMNH.AVES.72028_1/format/large","","","","","","","","","","","","","","","","","","image/jpeg","","","","","","","","","","","","https://doi.org/TEST/YSQ-GJ0-YK1","StillImage","","","","","","","","2025-06-04T14:09:57.504Z","","null","null","","","","","","","http://creativecommons.org/publicdomain/zero/1.0/legalcode","","","","","","","","","","","ac:GoodQuality","","",""
"https://medialib.naturalis.nl/file/id/RMNH.AVES.259833_clutch2/format/large","","","","","","","","","","","","","","","","","","image/jpeg","","","","","","","","","","","","https://doi.org/TEST/YR0-795-XXV","StillImage","","","","","","","","2025-06-04T14:09:39.133Z","","null","null","","","","","","","http://creativecommons.org/publicdomain/zero/1.0/legalcode","","","","","","","","","","","ac:GoodQuality","","",""
"https://medialib.naturalis.nl/file/id/RMNH.AVES.259161_1/format/large","","","","","","","","","","","","","","","","","","image/jpeg","","","","","","","","","","","","https://doi.org/TEST/YQF-453-AL2","StillImage","","","","","","","","2025-06-04T14:09:17.157Z","","null","null","","","","","","","http://creativecommons.org/publicdomain/zero/1.0/legalcode","","","","","","","","","","","ac:GoodQuality","","",""
"https://medialib.naturalis.nl/file/id/RMNH.AVES.150920_1/format/large","","","","","","","","","","","","","","","","","","image/jpeg","","","","","","","","","","","","https://doi.org/TEST/YLR-XWF-45B","StillImage","","","","","","","","2025-06-04T14:08:21.896Z","","null","null","","","","","","","http://creativecommons.org/publicdomain/zero/1.0/legalcode","","","","","","","","","","","ac:GoodQuality","","",""
"https://medialib.naturalis.nl/file/id/RMNH.AVES.90239_a_T/format/large","","","","","","","","","","","","","","","","","","image/jpeg","","","","","","","","","","","","https://doi.org/TEST/YBP-1ZD-69R","StillImage","","","","","","","","2025-06-04T14:09:26.808Z","","null","null","","","","","","","http://creativecommons.org/publicdomain/zero/1.0/legalcode","","","","","","","","","","","ac:GoodQuality","","",""
"https://medialib.naturalis.nl/file/id/RMNH.AVES.259619_egg2/format/large","","","","","","","","","","","","","","","","","","image/jpeg","","","","","","","","","","","","https://doi.org/TEST/Y75-4DV-4D6","StillImage","","","","","","","","2025-06-04T14:09:08.190Z","","null","null","","","","","","","http://creativecommons.org/publicdomain/zero/1.0/legalcode","","","","","","","","","","","ac:GoodQuality","","",""
"https://medialib.naturalis.nl/file/id/RMNH.AVES.124655_1/format/large","","","","","","","","","","","","","","","","","","image/jpeg","","","","","","","","","","","","https://doi.org/TEST/Y3M-DYX-32L","StillImage","","","","","","","","2025-06-04T14:08:48.472Z","","null","null","","","","","","","http://creativecommons.org/publicdomain/zero/1.0/legalcode","","","","","","","","","","","ac:GoodQuality","","",""
"https://medialib.naturalis.nl/file/id/RMNH.AVES.18641_2/format/large","","","","","","","","","","","","","","","","","","image/jpeg","","","","","","","","","","","","https://doi.org/TEST/XPJ-R73-TC7","StillImage","","","","","","","","2025-06-04T14:10:04.869Z","","null","null","","","","","","","http://creativecommons.org/publicdomain/zero/1.0/legalcode","","","","","","","","","","","ac:GoodQuality","","",""
"https://medialib.naturalis.nl/file/id/RMNH.AVES.44228_1/format/large","","","","","","","","","","","","","","","","","","image/jpeg","","","","","","","","","","","","https://doi.org/TEST/WWR-SLS-MAX","StillImage","","","","","","","","2025-06-04T14:08:18.316Z","","null","null","","","","","","","http://creativecommons.org/publicdomain/zero/1.0/legalcode","","","","","","","","","","","ac:GoodQuality","","",""
"https://medialib.naturalis.nl/file/id/RMNH.AVES.259833_egg4/format/large","","","","","","","","","","","","","","","","","","image/jpeg","","","","","","","","","","","","https://doi.org/TEST/WEY-ANT-TZE","StillImage","","","","","","","","2025-06-04T14:09:39.133Z","","null","null","","","","","","","http://creativecommons.org/publicdomain/zero/1.0/legalcode","","","","","","","","","","","ac:GoodQuality","","",""
"https://medialib.naturalis.nl/file/id/RMNH.AVES.53647_1/format/large","","","","","","","","","","","","","","","","","","image/jpeg","","","","","","","","","","","","https://doi.org/TEST/WC0-XQB-0DB","StillImage","","","","","","","","2025-06-04T14:08:18.520Z","","null","null","","","","","","","http://creativecommons.org/publicdomain/zero/1.0/legalcode","","","","","","","","","","","ac:GoodQuality","","",""
"https://medialib.naturalis.nl/file/id/RMNH.AVES.98105_1/format/large","","","","","","","","","","","","","","","","","","image/jpeg","","","","","","","","","","","","https://doi.org/TEST/WBX-CLG-G96","StillImage","","","","","","","","2025-06-04T14:08:29.024Z","","null","null","","","","","","","http://creativecommons.org/publicdomain/zero/1.0/legalcode","","","","","","","","","","","ac:GoodQuality","","",""
"https://medialib.naturalis.nl/file/id/RMNH.AVES.54388_1/format/large","","","","","","","","","","","","","","","","","","image/jpeg","","","","","","","","","","","","https://doi.org/TEST/W6J-Y5M-6VQ","StillImage","","","","","","","","2025-06-04T14:08:18.532Z","","null","null","","","","","","","http://creativecommons.org/publicdomain/zero/1.0/legalcode","","","","","","","","","","","ac:GoodQuality","","",""
"https://medialib.naturalis.nl/file/id/RMNH.AVES.136964_1/format/large","","","","","","","","","","","","","","","","","","image/jpeg","","","","","","","","","","","","https://doi.org/TEST/W3X-80W-T61","StillImage","","","","","","","","2025-06-04T14:08:48.721Z","","null","null","","","","","","","http://creativecommons.org/publicdomain/zero/1.0/legalcode","","","","","","","","","","","ac:GoodQuality","","",""
"https://medialib.naturalis.nl/file/id/RMNH.AVES.134385_1/format/large","","","","","","","","","","","","","","","","","","image/jpeg","","","","","","","","","","","","https://doi.org/TEST/VV1-ZYC-MB5","StillImage","","","","","","","","2025-06-04T14:08:44.207Z","","null","null","","","","","","","http://creativecommons.org/publicdomain/zero/1.0/legalcode","","","","","","","","","","","ac:GoodQuality","","",""
"https://medialib.naturalis.nl/file/id/RMNH.AVES.259833_egg3/format/large","","","","","","","","","","","","","","","","","","image/jpeg","","","","","","","","","","","","https://doi.org/TEST/VR1-M9G-C3E","StillImage","","","","","","","","2025-06-04T14:09:39.133Z","","null","null","","","","","","","http://creativecommons.org/publicdomain/zero/1.0/legalcode","","","","","","","","","","","ac:GoodQuality","","",""
"https://medialib.naturalis.nl/file/id/RMNH.AVES.P.2133/format/large","","","","","","","","","","","","","","","","","","image/jpeg","","","","","","","","","","","","https://doi.org/TEST/VMH-10D-7Q2","StillImage","","","","","","","","2025-06-04T14:09:44.792Z","","null","null","","","","","","","http://creativecommons.org/publicdomain/zero/1.0/legalcode","","","","","","","","","","","ac:GoodQuality","","",""
"https://medialib.naturalis.nl/file/id/RMNH.AVES.137978_2/format/large","","","","","","","","","","","","","","","","","","image/jpeg","","","","","","","","","","","","https://doi.org/TEST/VCM-BGD-PAA","StillImage","","","","","","","","2025-06-04T14:08:21.623Z","","null","null","","","","","","","http://creativecommons.org/publicdomain/zero/1.0/legalcode","","","","","","","","","","","ac:GoodQuality","","",""
"https://medialib.naturalis.nl/file/id/RMNH.AVES.54129_2/format/large","","","","","","","","","","","","","","","","","","image/jpeg","","","","","","","","","","","","https://doi.org/TEST/V3M-JZZ-WRR","StillImage","","","","","","","","2025-06-04T14:09:26.272Z","","null","null","","","","","","","http://creativecommons.org/publicdomain/zero/1.0/legalcode","","","","","","","","","","","ac:GoodQuality","","",""
"https://medialib.naturalis.nl/file/id/RMNH.AVES.18641_1/format/large","","","","","","","","","","","","","","","","","","image/jpeg","","","","","","","","","","","","https://doi.org/TEST/TR8-L2Z-TP4","StillImage","","","","","","","","2025-06-04T14:10:04.869Z","","null","null","","","","","","","http://creativecommons.org/publicdomain/zero/1.0/legalcode","","","","","","","","","","","ac:GoodQuality","","",""
"https://medialib.naturalis.nl/file/id/RMNH.AVES.33281_1/format/large","","","","","","","","","","","","","","","","","","image/jpeg","","","","","","","","","","","","https://doi.org/TEST/TET-B2R-Y49","StillImage","","","","","","","","2025-06-04T14:09:39.249Z","","null","null","","","","","","","http://creativecommons.org/publicdomain/zero/1.0/legalcode","","","","","","","","","","","ac:GoodQuality","","",""
"https://medialib.naturalis.nl/file/id/RMNH.AVES.143308_2/format/large","","","","","","","","","","","","","","","","","","image/jpeg","","","","","","","","","","","","https://doi.org/TEST/T4T-WF6-JXA","StillImage","","","","","","","","2025-06-04T14:08:30.912Z","","null","null","","","","","","","http://creativecommons.org/publicdomain/zero/1.0/legalcode","","","","","","","","","","","ac:GoodQuality","","",""
"https://medialib.naturalis.nl/file/id/RMNH.AVES.140130_2/format/large","","","","","","","","","","","","","","","","","","image/jpeg","","","","","","","","","","","","https://doi.org/TEST/SZM-4KS-QPG","StillImage","","","","","","","","2025-06-04T14:09:59.778Z","","null","null","","","","","","","http://creativecommons.org/publicdomain/zero/1.0/legalcode","","","","","","","","","","","ac:GoodQuality","","",""
"https://medialib.naturalis.nl/file/id/RMNH.AVES.146776_2/format/large","","","","","","","","","","","","","","","","","","image/jpeg","","","","","","","","","","","","https://doi.org/TEST/SQE-J2S-79T","StillImage","","","","","","","","2025-06-04T14:09:06.890Z","","null","null","","","","","","","http://creativecommons.org/publicdomain/zero/1.0/legalcode","","","","","","","","","","","ac:GoodQuality","","",""
"https://medialib.naturalis.nl/file/id/RMNH.AVES.95728_2/format/large","","","","","","","","","","","","","","","","","","image/jpeg","","","","","","","","","","","","https://doi.org/TEST/SHX-PMN-EJW","StillImage","","","","","","","","2025-06-04T14:10:02.346Z","","null","null","","","","","","","http://creativecommons.org/publicdomain/zero/1.0/legalcode","","","","","","","","","","","ac:GoodQuality","","",""
"https://medialib.naturalis.nl/file/id/RMNH.AVES.124655_2/format/large","","","","","","","","","","","","","","","","","","image/jpeg","","","","","","","","","","","","https://doi.org/TEST/SAW-BJ1-PQG","StillImage","","","","","","","","2025-06-04T14:08:48.472Z","","null","null","","","","","","","http://creativecommons.org/publicdomain/zero/1.0/legalcode","","","","","","","","","","","ac:GoodQuality","","",""
"https://medialib.naturalis.nl/file/id/RMNH.AVES.134549_2/format/large","","","","","","","","","","","","","","","","","","image/jpeg","","","","","","","","","","","","https://doi.org/TEST/RT5-A89-JMX","StillImage","","","","","","","","2025-06-04T14:09:11.102Z","","null","null","","","","","","","http://creativecommons.org/publicdomain/zero/1.0/legalcode","","","","","","","","","","","ac:GoodQuality","","",""
"https://medialib.naturalis.nl/file/id/RMNH.AVES.33334_2/format/large","","","","","","","","","","","","","","","","","","image/jpeg","","","","","","","","","","","","https://doi.org/TEST/RSH-Q61-W46","StillImage","","","","","","","","2025-06-04T14:09:39.250Z","","null","null","","","","","","","http://creativecommons.org/publicdomain/zero/1.0/legalcode","","","","","","","","","","","ac:GoodQuality","","",""
"https://medialib.naturalis.nl/file/id/RMNH.AVES.90239_c_T/format/large","","","","","","","","","","","","","","","","","","image/jpeg","","","","","","","","","","","","https://doi.org/TEST/REN-8ME-M0Z","StillImage","","","","","","","","2025-06-04T14:09:26.808Z","","null","null","","","","","","","http://creativecommons.org/publicdomain/zero/1.0/legalcode","","","","","","","","","","","ac:GoodQuality","","",""
"https://medialib.naturalis.nl/file/id/RMNH.AVES.134511_1/format/large","","","","","","","","","","","","","","","","","","image/jpeg","","","","","","","","","","","","https://doi.org/TEST/R72-J0B-ZEF","StillImage","","","","","","","","2025-06-04T14:09:19.965Z","","null","null","","","","","","","http://creativecommons.org/publicdomain/zero/1.0/legalcode","","","","","","","","","","","ac:GoodQuality","","",""
"https://medialib.naturalis.nl/file/id/RMNH.AVES.132918_1/format/large","","","","","","","","","","","","","","","","","","image/jpeg","","","","","","","","","","","","https://doi.org/TEST/R1N-T0F-PCP","StillImage","","","","","","","","2025-06-04T14:09:41.984Z","","null","null","","","","","","","http://creativecommons.org/publicdomain/zero/1.0/legalcode","","","","","","","","","","","ac:GoodQuality","","",""
"https://medialib.naturalis.nl/file/id/RMNH.AVES.259833_clutch1/format/large","","","","","","","","","","","","","","","","","","image/jpeg","","","","","","","","","","","","https://doi.org/TEST/R12-0QV-64J","StillImage","","","","","","","","2025-06-04T14:09:39.133Z","","null","null","","","","","","","http://creativecommons.org/publicdomain/zero/1.0/legalcode","","","","","","","","","","","ac:GoodQuality","","",""
"https://medialib.naturalis.nl/file/id/RMNH.AVES.56975_1/format/large","","","","","","","","","","","","","","","","","","image/jpeg","","","","","","","","","","","","https://doi.org/TEST/R0E-YF3-T8N","StillImage","","","","","","","","2025-06-04T14:08:12.722Z","","null","null","","","","","","","http://creativecommons.org/publicdomain/zero/1.0/legalcode","","","","","","","","","","","ac:GoodQuality","","",""
"https://medialib.naturalis.nl/file/id/RMNH.AVES.121703_1/format/large","","","","","","","","","","","","","","","","","","image/jpeg","","","","","","","","","","","","https://doi.org/TEST/QT5-JK2-QCY","StillImage","","","","","","","","2025-06-04T14:08:02.308Z","","null","null","","","","","","","http://creativecommons.org/publicdomain/zero/1.0/legalcode","","","","","","","","","","","ac:GoodQuality","","",""
"https://medialib.naturalis.nl/file/id/RMNH.AVES.100019_1/format/large","","","","","","","","","","","","","","","","","","image/jpeg","","","","","","","","","","","","https://doi.org/TEST/QLH-2SD-PV1","StillImage","","","","","","","","2025-06-04T14:09:23.881Z","","null","null","","","","","","","http://creativecommons.org/publicdomain/zero/1.0/legalcode","","","","","","","","","","","ac:GoodQuality","","",""
"https://medialib.naturalis.nl/file/id/RMNH.AVES.90239_b_T/format/large","","","","","","","","","","","","","","","","","","image/jpeg","","","","","","","","","","","","https://doi.org/TEST/QHK-P2K-1BS","StillImage","","","","","","","","2025-06-04T14:09:26.808Z","","null","null","","","","","","","http://creativecommons.org/publicdomain/zero/1.0/legalcode","","","","","","","","","","","ac:GoodQuality","","",""
"https://medialib.naturalis.nl/file/id/RMNH.AVES.72028_2/format/large","","","","","","","","","","","","","","","","","","image/jpeg","","","","","","","","","","","","https://doi.org/TEST/Q75-JWG-DJH","StillImage","","","","","","","","2025-06-04T14:09:57.504Z","","null","null","","","","","","","http://creativecommons.org/publicdomain/zero/1.0/legalcode","","","","","","","","","","","ac:GoodQuality","","",""
"https://medialib.naturalis.nl/file/id/RMNH.AVES.89179_pos/format/large","","","","","","","","","","","","","","","","","","image/jpeg","","","","","","","","","","","","https://doi.org/TEST/Q6S-K0H-XS5","StillImage","","","","","","","","2025-06-04T14:08:19.208Z","","null","null","","","","","","","http://creativecommons.org/publicdomain/zero/1.0/legalcode","","","","","","","","","","","ac:GoodQuality","","",""
"https://medialib.naturalis.nl/file/id/RMNH.AVES.120368_1/format/large","","","","","","","","","","","","","","","","","","image/jpeg","","","","","","","","","","","","https://doi.org/TEST/PJP-DS7-8VN","StillImage","","","","","","","","2025-06-04T14:08:30.498Z","","null","null","","","","","","","http://creativecommons.org/publicdomain/zero/1.0/legalcode","","","","","","","","","","","ac:GoodQuality","","",""
"https://medialib.naturalis.nl/file/id/RMNH.AVES.131263_1/format/large","","","","","","","","","","","","","","","","","","image/jpeg","","","","","","","","","","","","https://doi.org/TEST/PJ3-DXT-VSA","StillImage","","","","","","","","2025-06-04T14:08:48.603Z","","null","null","","","","","","","http://creativecommons.org/publicdomain/zero/1.0/legalcode","","","","","","","","","","","ac:GoodQuality","","",""
"https://medialib.naturalis.nl/file/id/RMNH.AVES.153305_1/format/large","","","","","","","","","","","","","","","","","","image/jpeg","","","","","","","","","","","","https://doi.org/TEST/PBT-XTW-PDV","StillImage","","","","","","","","2025-06-04T14:08:58.106Z","","null","null","","","","","","","http://creativecommons.org/publicdomain/zero/1.0/legalcode","","","","","","","","","","","ac:GoodQuality","","",""
"https://medialib.naturalis.nl/file/id/RMNH.AVES.58046_1/format/large","","","","","","","","","","","","","","","","","","image/jpeg","","","","","","","","","","","","https://doi.org/TEST/NY1-A7Y-69A","StillImage","","","","","","","","2025-06-04T14:08:46.316Z","","null","null","","","","","","","http://creativecommons.org/publicdomain/zero/1.0/legalcode","","","","","","","","","","","ac:GoodQuality","","",""
"https://medialib.naturalis.nl/file/id/RMNH.AVES.56975_2/format/large","","","","","","","","","","","","","","","","","","image/jpeg","","","","","","","","","","","","https://doi.org/TEST/NHD-TVC-T2H","StillImage","","","","","","","","2025-06-04T14:08:12.722Z","","null","null","","","","","","","http://creativecommons.org/publicdomain/zero/1.0/legalcode","","","","","","","","","","","ac:GoodQuality","","",""
"https://medialib.naturalis.nl/file/id/RMNH.AVES.86611_1/format/large","","","","","","","","","","","","","","","","","","image/jpeg","","","","","","","","","","","","https://doi.org/TEST/NDJ-B0Z-NBQ","StillImage","","","","","","","","2025-06-04T14:09:57.741Z","","null","null","","","","","","","http://creativecommons.org/publicdomain/zero/1.0/legalcode","","","","","","","","","","","ac:GoodQuality","","",""
"https://medialib.naturalis.nl/file/id/RMNH.AVES.72441_2/format/large","","","","","","","","","","","","","","","","","","image/jpeg","","","","","","","","","","","","https://doi.org/TEST/NAK-NC7-AQ1","StillImage","","","","","","","","2025-06-04T14:09:57.511Z","","null","null","","","","","","","http://creativecommons.org/publicdomain/zero/1.0/legalcode","","","","","","","","","","","ac:GoodQuality","","",""
"https://medialib.naturalis.nl/file/id/RMNH.AVES.126199_2/format/large","","","","","","","","","","","","","","","","","","image/jpeg","","","","","","","","","","","","https://doi.org/TEST/N9N-R3C-V35","StillImage","","","","","","","","2025-06-04T14:08:35.087Z","","null","null","","","","","","","http://creativecommons.org/publicdomain/zero/1.0/legalcode","","","","","","","","","","","ac:GoodQuality","","",""
"https://medialib.naturalis.nl/file/id/RMNH.AVES.34302_1/format/large","","","","","","","","","","","","","","","","","","image/jpeg","","","","","","","","","","","","https://doi.org/TEST/N0X-95Z-N6C","StillImage","","","","","","","","2025-06-04T14:09:21.656Z","","null","null","","","","","","","http://creativecommons.org/publicdomain/zero/1.0/legalcode","","","","","","","","","","","ac:GoodQuality","","",""
"https://medialib.naturalis.nl/file/id/RMNH.AVES.123823_1/format/large","","","","","","","","","","","","","","","","","","image/jpeg","","","","","","","","","","","","https://doi.org/TEST/MYR-0Y4-Q9Z","StillImage","","","","","","","","2025-06-04T14:08:44.016Z","","null","null","","","","","","","http://creativecommons.org/publicdomain/zero/1.0/legalcode","","","","","","","","","","","ac:GoodQuality","","",""
"https://medialib.naturalis.nl/file/id/RMNH.AVES.134053_2/format/large","","","","","","","","","","","","","","","","","","image/jpeg","","","","","","","","","","","","https://doi.org/TEST/MTE-676-XW0","StillImage","","","","","","","","2025-06-04T14:09:28.757Z","","null","null","","","","","","","http://creativecommons.org/publicdomain/zero/1.0/legalcode","","","","","","","","","","","ac:GoodQuality","","",""
"https://medialib.naturalis.nl/file/id/RMNH.AVES.134053_1/format/large","","","","","","","","","","","","","","","","","","image/jpeg","","","","","","","","","","","","https://doi.org/TEST/MHZ-B4L-HTH","StillImage","","","","","","","","2025-06-04T14:09:28.757Z","","null","null","","","","","","","http://creativecommons.org/publicdomain/zero/1.0/legalcode","","","","","","","","","","","ac:GoodQuality","","",""
"https://medialib.naturalis.nl/file/id/RMNH.AVES.146315_2/format/large","","","","","","","","","","","","","","","","","","image/jpeg","","","","","","","","","","","","https://doi.org/TEST/MD9-WPP-ZWE","StillImage","","","","","","","","2025-06-04T14:10:04.336Z","","null","null","","","","","","","http://creativecommons.org/publicdomain/zero/1.0/legalcode","","","","","","","","","","","ac:GoodQuality","","",""
"https://medialib.naturalis.nl/file/id/RMNH.AVES.137978_1/format/large","","","","","","","","","","","","","","","","","","image/jpeg","","","","","","","","","","","","https://doi.org/TEST/MBX-EBW-K9F","StillImage","","","","","","","","2025-06-04T14:08:21.623Z","","null","null","","","","","","","http://creativecommons.org/publicdomain/zero/1.0/legalcode","","","","","","","","","","","ac:GoodQuality","","",""
"https://medialib.naturalis.nl/file/id/RMNH.AVES.156840_2/format/large","","","","","","","","","","","","","","","","","","image/jpeg","","","","","","","","","","","","https://doi.org/TEST/M6T-6RF-FCV","StillImage","","","","","","","","2025-06-04T14:09:07.068Z","","null","null","","","","","","","http://creativecommons.org/publicdomain/zero/1.0/legalcode","","","","","","","","","","","ac:GoodQuality","","",""
"https://medialib.naturalis.nl/file/id/RMNH.AVES.140023_1/format/large","","","","","","","","","","","","","","","","","","image/jpeg","","","","","","","","","","","","https://doi.org/TEST/M3Z-XAQ-WV7","StillImage","","","","","","","","2025-06-04T14:09:46.467Z","","null","null","","","","","","","http://creativecommons.org/publicdomain/zero/1.0/legalcode","","","","","","","","","","","ac:GoodQuality","","",""
"https://medialib.naturalis.nl/file/id/RMNH.AVES.97775_1/format/large","","","","","","","","","","","","","","","","","","image/jpeg","","","","","","","","","","","","https://doi.org/TEST/LSQ-AHF-XS5","StillImage","","","","","","","","2025-06-04T14:10:15.572Z","","null","null","","","","","","","http://creativecommons.org/publicdomain/zero/1.0/legalcode","","","","","","","","","","","ac:GoodQuality","","",""
"https://medialib.naturalis.nl/file/id/RMNH.AVES.44228_2/format/large","","","","","","","","","","","","","","","","","","image/jpeg","","","","","","","","","","","","https://doi.org/TEST/LLZ-XRT-JPF","StillImage","","","","","","","","2025-06-04T14:08:18.316Z","","null","null","","","","","","","http://creativecommons.org/publicdomain/zero/1.0/legalcode","","","","","","","","","","","ac:GoodQuality","","",""
"https://medialib.naturalis.nl/file/id/RMNH.AVES.27974_1/format/large","","","","","","","","","","","","","","","","","","image/jpeg","","","","","","","","","","","","https://doi.org/TEST/LGC-TRA-EHK","StillImage","","","","","","","","2025-06-04T14:10:01.242Z","","null","null","","","","","","","http://creativecommons.org/publicdomain/zero/1.0/legalcode","","","","","","","","","","","ac:GoodQuality","","",""
"https://medialib.naturalis.nl/file/id/RMNH.AVES.57509_1/format/large","","","","","","","","","","","","","","","","","","image/jpeg","","","","","","","","","","","","https://doi.org/TEST/LFM-YK1-7CV","StillImage","","","","","","","","2025-06-04T14:10:10.539Z","","null","null","","","","","","","http://creativecommons.org/publicdomain/zero/1.0/legalcode","","","","","","","","","","","ac:GoodQuality","","",""
"https://medialib.naturalis.nl/file/id/RMNH.AVES.153305_2/format/large","","","","","","","","","","","","","","","","","","image/jpeg","","","","","","","","","","","","https://doi.org/TEST/LC5-691-NS8","StillImage","","","","","","","","2025-06-04T14:08:58.106Z","","null","null","","","","","","","http://creativecommons.org/publicdomain/zero/1.0/legalcode","","","","","","","","","","","ac:GoodQuality","","",""
"https://medialib.naturalis.nl/file/id/RMNH.AVES.126660_1/format/large","","","","","","","","","","","","","","","","","","image/jpeg","","","","","","","","","","","","https://doi.org/TEST/KZH-JNZ-M91","StillImage","","","","","","","","2025-06-04T14:08:44.070Z","","null","null","","","","","","","http://creativecommons.org/publicdomain/zero/1.0/legalcode","","","","","","","","","","","ac:GoodQuality","","",""
"https://medialib.naturalis.nl/file/id/RMNH.AVES.48135_1/format/large","","","","","","","","","","","","","","","","","","image/jpeg","","","","","","","","","","","","https://doi.org/TEST/KTN-NPH-C90","StillImage","","","","","","","","2025-06-04T14:08:37.159Z","","null","null","","","","","","","http://creativecommons.org/publicdomain/zero/1.0/legalcode","","","","","","","","","","","ac:GoodQuality","","",""
"https://medialib.naturalis.nl/file/id/RMNH.AVES.38413_2/format/large","","","","","","","","","","","","","","","","","","image/jpeg","","","","","","","","","","","","https://doi.org/TEST/KM7-2JJ-9XJ","StillImage","","","","","","","","2025-06-04T14:08:37.020Z","","null","null","","","","","","","http://creativecommons.org/publicdomain/zero/1.0/legalcode","","","","","","","","","","","ac:GoodQuality","","",""
"https://medialib.naturalis.nl/file/id/RMNH.AVES.161316_1/format/large","","","","","","","","","","","","","","","","","","image/jpeg","","","","","","","","","","","","https://doi.org/TEST/KGG-WBH-SDR","StillImage","","","","","","","","2025-06-04T14:08:10.608Z","","null","null","","","","","","","http://creativecommons.org/publicdomain/zero/1.0/legalcode","","","","","","","","","","","ac:GoodQuality","","",""
"https://medialib.naturalis.nl/file/id/RMNH.AVES.89179_lat/format/large","","","","","","","","","","","","","","","","","","image/jpeg","","","","","","","","","","","","https://doi.org/TEST/JH3-C68-DPC","StillImage","","","","","","","","2025-06-04T14:08:19.208Z","","null","null","","","","","","","http://creativecommons.org/publicdomain/zero/1.0/legalcode","","","","","","","","","","","ac:GoodQuality","","",""
"https://medialib.naturalis.nl/file/id/RMNH.AVES.57315_2/format/large","","","","","","","","","","","","","","","","","","image/jpeg","","","","","","","","","","","","https://doi.org/TEST/J68-TAW-GWZ","StillImage","","","","","","","","2025-06-04T14:10:06.146Z","","null","null","","","","","","","http://creativecommons.org/publicdomain/zero/1.0/legalcode","","","","","","","","","","","ac:GoodQuality","","",""
"https://medialib.naturalis.nl/file/id/RMNH.AVES.121385_1/format/large","","","","","","","","","","","","","","","","","","image/jpeg","","","","","","","","","","","","https://doi.org/TEST/HZ7-51R-DFM","StillImage","","","","","","","","2025-06-04T14:08:48.414Z","","null","null","","","","","","","http://creativecommons.org/publicdomain/zero/1.0/legalcode","","","","","","","","","","","ac:GoodQuality","","",""
"https://medialib.naturalis.nl/file/id/RMNH.AVES.89179_lat_right/format/large","","","","","","","","","","","","","","","","","","image/jpeg","","","","","","","","","","","","https://doi.org/TEST/HXP-QMX-JL0","StillImage","","","","","","","","2025-06-04T14:08:19.208Z","","null","null","","","","","","","http://creativecommons.org/publicdomain/zero/1.0/legalcode","","","","","","","","","","","ac:GoodQuality","","",""
"https://medialib.naturalis.nl/file/id/RMNH.AVES.56764_1/format/large","","","","","","","","","","","","","","","","","","image/jpeg","","","","","","","","","","","","https://doi.org/TEST/HXG-P31-J2Q","StillImage","","","","","","","","2025-06-04T14:08:28.368Z","","null","null","","","","","","","http://creativecommons.org/publicdomain/zero/1.0/legalcode","","","","","","","","","","","ac:GoodQuality","","",""
"https://medialib.naturalis.nl/file/id/RMNH.AVES.134549_1/format/large","","","","","","","","","","","","","","","","","","image/jpeg","","","","","","","","","","","","https://doi.org/TEST/HPE-N1N-QRX","StillImage","","","","","","","","2025-06-04T14:09:11.102Z","","null","null","","","","","","","http://creativecommons.org/publicdomain/zero/1.0/legalcode","","","","","","","","","","","ac:GoodQuality","","",""
"https://medialib.naturalis.nl/file/id/RMNH.AVES.127101_1/format/large","","","","","","","","","","","","","","","","","","image/jpeg","","","","","","","","","","","","https://doi.org/TEST/HAM-E6V-Q8G","StillImage","","","","","","","","2025-06-04T14:09:59.549Z","","null","null","","","","","","","http://creativecommons.org/publicdomain/zero/1.0/legalcode","","","","","","","","","","","ac:GoodQuality","","",""
"https://medialib.naturalis.nl/file/id/RMNH.AVES.134511_2/format/large","","","","","","","","","","","","","","","","","","image/jpeg","","","","","","","","","","","","https://doi.org/TEST/H38-3RW-LRT","StillImage","","","","","","","","2025-06-04T14:09:19.965Z","","null","null","","","","","","","http://creativecommons.org/publicdomain/zero/1.0/legalcode","","","","","","","","","","","ac:GoodQuality","","",""
"https://medialib.naturalis.nl/file/id/RMNH.AVES.89179_ant_ref/format/large","","","","","","","","","","","","","","","","","","image/jpeg","","","","","","","","","","","","https://doi.org/TEST/H1X-9YJ-ZRN","StillImage","","","","","","","","2025-06-04T14:08:19.208Z","","null","null","","","","","","","http://creativecommons.org/publicdomain/zero/1.0/legalcode","","","","","","","","","","","ac:GoodQuality","","",""
"https://medialib.naturalis.nl/file/id/RMNH.AVES.153661_2/format/large","","","","","","","","","","","","","","","","","","image/jpeg","","","","","","","","","","","","https://doi.org/TEST/GX9-DRD-HCQ","StillImage","","","","","","","","2025-06-04T14:08:53.583Z","","null","null","","","","","","","http://creativecommons.org/publicdomain/zero/1.0/legalcode","","","","","","","","","","","ac:GoodQuality","","",""
"https://medialib.naturalis.nl/file/id/RMNH.AVES.34528_1/format/large","","","","","","","","","","","","","","","","","","image/jpeg","","","","","","","","","","","","https://doi.org/TEST/GW0-7WA-TKP","StillImage","","","","","","","","2025-06-04T14:09:48.090Z","","null","null","","","","","","","http://creativecommons.org/publicdomain/zero/1.0/legalcode","","","","","","","","","","","ac:GoodQuality","","",""
"https://medialib.naturalis.nl/file/id/RMNH.AVES.65519_2/format/large","","","","","","","","","","","","","","","","","","image/jpeg","","","","","","","","","","","","https://doi.org/TEST/GP6-D1S-48K","StillImage","","","","","","","","2025-06-04T14:09:53.032Z","","null","null","","","","","","","http://creativecommons.org/publicdomain/zero/1.0/legalcode","","","","","","","","","","","ac:GoodQuality","","",""
"https://medialib.naturalis.nl/file/id/RMNH.AVES.95728_1/format/large","","","","","","","","","","","","","","","","","","image/jpeg","","","","","","","","","","","","https://doi.org/TEST/GNL-17A-A71","StillImage","","","","","","","","2025-06-04T14:10:02.346Z","","null","null","","","","","","","http://creativecommons.org/publicdomain/zero/1.0/legalcode","","","","","","","","","","","ac:GoodQuality","","",""
"https://medialib.naturalis.nl/file/id/RMNH.AVES.58274_2/format/large","","","","","","","","","","","","","","","","","","image/jpeg","","","","","","","","","","","","https://doi.org/TEST/GJC-3TH-9BE","StillImage","","","","","","","","2025-06-04T14:08:32.883Z","","null","null","","","","","","","http://creativecommons.org/publicdomain/zero/1.0/legalcode","","","","","","","","","","","ac:GoodQuality","","",""
"https://medialib.naturalis.nl/file/id/RMNH.AVES.259833_egg2/format/large","","","","","","","","","","","","","","","","","","image/jpeg","","","","","","","","","","","","https://doi.org/TEST/GFN-HFS-XG3","StillImage","","","","","","","","2025-06-04T14:09:39.133Z","","null","null","","","","","","","http://creativecommons.org/publicdomain/zero/1.0/legalcode","","","","","","","","","","","ac:GoodQuality","","",""
"https://medialib.naturalis.nl/file/id/RMNH.AVES.57509_2/format/large","","","","","","","","","","","","","","","","","","image/jpeg","","","","","","","","","","","","https://doi.org/TEST/G3X-R4Q-AKH","StillImage","","","","","","","","2025-06-04T14:10:10.539Z","","null","null","","","","","","","http://creativecommons.org/publicdomain/zero/1.0/legalcode","","","","","","","","","","","ac:GoodQuality","","",""
"https://medialib.naturalis.nl/file/id/RMNH.AVES.24254_1/format/large","","","","","","","","","","","","","","","","","","image/jpeg","","","","","","","","","","","","https://doi.org/TEST/FVR-59Y-SM2","StillImage","","","","","","","","2025-06-04T14:09:34.564Z","","null","null","","","","","","","http://creativecommons.org/publicdomain/zero/1.0/legalcode","","","","","","","","","","","ac:GoodQuality","","",""
"https://medialib.naturalis.nl/file/id/RMNH.AVES.57315_1/format/large","","","","","","","","","","","","","","","","","","image/jpeg","","","","","","","","","","","","https://doi.org/TEST/FRR-G5A-XJ4","StillImage","","","","","","","","2025-06-04T14:10:06.146Z","","null","null","","","","","","","http://creativecommons.org/publicdomain/zero/1.0/legalcode","","","","","","","","","","","ac:GoodQuality","","",""
"https://medialib.naturalis.nl/file/id/RMNH.AVES.89179_lab_1/format/large","","","","","","","","","","","","","","","","","","image/jpeg","","","","","","","","","","","","https://doi.org/TEST/FR8-73L-E2T","StillImage","","","","","","","","2025-06-04T14:08:19.208Z","","null","null","","","","","","","http://creativecommons.org/publicdomain/zero/1.0/legalcode","","","","","","","","","","","ac:GoodQuality","","",""
"https://medialib.naturalis.nl/file/id/RMNH.AVES.122916_2/format/large","","","","","","","","","","","","","","","","","","image/jpeg","","","","","","","","","","","","https://doi.org/TEST/FFH-4L4-YYH","StillImage","","","","","","","","2025-06-04T14:09:41.804Z","","null","null","","","","","","","http://creativecommons.org/publicdomain/zero/1.0/legalcode","","","","","","","","","","","ac:GoodQuality","","",""
"https://medialib.naturalis.nl/file/id/RMNH.AVES.154818_1/format/large","","","","","","","","","","","","","","","","","","image/jpeg","","","","","","","","","","","","https://doi.org/TEST/FAK-CMV-GFC","StillImage","","","","","","","","2025-06-04T14:08:44.586Z","","null","null","","","","","","","http://creativecommons.org/publicdomain/zero/1.0/legalcode","","","","","","","","","","","ac:GoodQuality","","",""
"https://medialib.naturalis.nl/file/id/RMNH.AVES.131995_1/format/large","","","","","","","","","","","","","","","","","","image/jpeg","","","","","","","","","","","","https://doi.org/TEST/F4V-M6W-T1B","StillImage","","","","","","","","2025-06-04T14:08:30.706Z","","null","null","","","","","","","http://creativecommons.org/publicdomain/zero/1.0/legalcode","","","","","","","","","","","ac:GoodQuality","","",""
"https://medialib.naturalis.nl/file/id/RMNH.AVES.121916_1/format/large","","","","","","","","","","","","","","","","","","image/jpeg","","","","","","","","","","","","https://doi.org/TEST/EZT-BA4-ABV","StillImage","","","","","","","","2025-06-04T14:09:10.854Z","","null","null","","","","","","","http://creativecommons.org/publicdomain/zero/1.0/legalcode","","","","","","","","","","","ac:GoodQuality","","",""
"https://medialib.naturalis.nl/file/id/RMNH.AVES.27974_2/format/large","","","","","","","","","","","","","","","","","","image/jpeg","","","","","","","","","","","","https://doi.org/TEST/EYQ-H4D-HK3","StillImage","","","","","","","","2025-06-04T14:10:01.242Z","","null","null","","","","","","","http://creativecommons.org/publicdomain/zero/1.0/legalcode","","","","","","","","","","","ac:GoodQuality","","",""
"https://medialib.naturalis.nl/file/id/RMNH.AVES.65519_1/format/large","","","","","","","","","","","","","","","","","","image/jpeg","","","","","","","","","","","","https://doi.org/TEST/ESX-7ZN-4CM","StillImage","","","","","","","","2025-06-04T14:09:53.032Z","","null","null","","","","","","","http://creativecommons.org/publicdomain/zero/1.0/legalcode","","","","","","","","","","","ac:GoodQuality","","",""
"https://medialib.naturalis.nl/file/id/RMNH.AVES.98105_2/format/large","","","","","","","","","","","","","","","","","","image/jpeg","","","","","","","","","","","","https://doi.org/TEST/EN3-0FA-NTQ","StillImage","","","","","","","","2025-06-04T14:08:29.024Z","","null","null","","","","","","","http://creativecommons.org/publicdomain/zero/1.0/legalcode","","","","","","","","","","","ac:GoodQuality","","",""
"https://medialib.naturalis.nl/file/id/RMNH.AVES.134385_2/format/large","","","","","","","","","","","","","","","","","","image/jpeg","","","","","","","","","","","","https://doi.org/TEST/EH2-Q9K-VTG","StillImage","","","","","","","","2025-06-04T14:08:44.207Z","","null","null","","","","","","","http://creativecommons.org/publicdomain/zero/1.0/legalcode","","","","","","","","","","","ac:GoodQuality","","",""
"https://medialib.naturalis.nl/file/id/RMNH.AVES.86611_2/format/large","","","","","","","","","","","","","","","","","","image/jpeg","","","","","","","","","","","","https://doi.org/TEST/E9Y-XAS-XBP","StillImage","","","","","","","","2025-06-04T14:09:57.741Z","","null","null","","","","","","","http://creativecommons.org/publicdomain/zero/1.0/legalcode","","","","","","","","","","","ac:GoodQuality","","",""
"https://medialib.naturalis.nl/file/id/RMNH.AVES.135228_1/format/large","","","","","","","","","","","","","","","","","","image/jpeg","","","","","","","","","","","","https://doi.org/TEST/E15-RHH-AKQ","StillImage","","","","","","","","2025-06-04T14:08:44.226Z","","null","null","","","","","","","http://creativecommons.org/publicdomain/zero/1.0/legalcode","","","","","","","","","","","ac:GoodQuality","","",""
"https://medialib.naturalis.nl/file/id/RMNH.AVES.93191_2/format/large","","","","","","","","","","","","","","","","","","image/jpeg","","","","","","","","","","","","https://doi.org/TEST/DYQ-124-BB4","StillImage","","","","","","","","2025-06-04T14:09:53.450Z","","null","null","","","","","","","http://creativecommons.org/publicdomain/zero/1.0/legalcode","","","","","","","","","","","ac:GoodQuality","","",""
"https://medialib.naturalis.nl/file/id/RMNH.AVES.34302_2/format/large","","","","","","","","","","","","","","","","","","image/jpeg","","","","","","","","","","","","https://doi.org/TEST/DR6-9A1-2SW","StillImage","","","","","","","","2025-06-04T14:09:21.656Z","","null","null","","","","","","","http://creativecommons.org/publicdomain/zero/1.0/legalcode","","","","","","","","","","","ac:GoodQuality","","",""
"https://medialib.naturalis.nl/file/id/RMNH.AVES.131263_2/format/large","","","","","","","","","","","","","","","","","","image/jpeg","","","","","","","","","","","","https://doi.org/TEST/DQJ-KBR-RTJ","StillImage","","","","","","","","2025-06-04T14:08:48.603Z","","null","null","","","","","","","http://creativecommons.org/publicdomain/zero/1.0/legalcode","","","","","","","","","","","ac:GoodQuality","","",""
"https://medialib.naturalis.nl/file/id/RMNH.AVES.156840_1/format/large","","","","","","","","","","","","","","","","","","image/jpeg","","","","","","","","","","","","https://doi.org/TEST/DQ9-AHD-AG3","StillImage","","","","","","","","2025-06-04T14:09:07.068Z","","null","null","","","","","","","http://creativecommons.org/publicdomain/zero/1.0/legalcode","","","","","","","","","","","ac:GoodQuality","","",""
"https://medialib.naturalis.nl/file/id/RMNH.AVES.136964_2/format/large","","","","","","","","","","","","","","","","","","image/jpeg","","","","","","","","","","","","https://doi.org/TEST/D71-2WB-Q4C","StillImage","","","","","","","","2025-06-04T14:08:48.721Z","","null","null","","","","","","","http://creativecommons.org/publicdomain/zero/1.0/legalcode","","","","","","","","","","","ac:GoodQuality","","",""
"https://medialib.naturalis.nl/file/id/RMNH.AVES.132593_1/format/large","","","","","","","","","","","","","","","","","","image/jpeg","","","","","","","","","","","","https://doi.org/TEST/D3Q-MXA-0RF","StillImage","","","","","","","","2025-06-04T14:09:28.721Z","","null","null","","","","","","","http://creativecommons.org/publicdomain/zero/1.0/legalcode","","","","","","","","","","","ac:GoodQuality","","",""
"https://medialib.naturalis.nl/file/id/RMNH.AVES.59634_2/format/large","","","","","","","","","","","","","","","","","","image/jpeg","","","","","","","","","","","","https://doi.org/TEST/CNZ-V21-NCF","StillImage","","","","","","","","2025-06-04T14:08:06.703Z","","null","null","","","","","","","http://creativecommons.org/publicdomain/zero/1.0/legalcode","","","","","","","","","","","ac:GoodQuality","","",""
"https://medialib.naturalis.nl/file/id/RMNH.AVES.53647_2/format/large","","","","","","","","","","","","","","","","","","image/jpeg","","","","","","","","","","","","https://doi.org/TEST/CNC-L85-X0P","StillImage","","","","","","","","2025-06-04T14:08:18.520Z","","null","null","","","","","","","http://creativecommons.org/publicdomain/zero/1.0/legalcode","","","","","","","","","","","ac:GoodQuality","","",""
"https://medialib.naturalis.nl/file/id/RMNH.AVES.140130_1/format/large","","","","","","","","","","","","","","","","","","image/jpeg","","","","","","","","","","","","https://doi.org/TEST/CH2-E1Y-FVA","StillImage","","","","","","","","2025-06-04T14:09:59.778Z","","null","null","","","","","","","http://creativecommons.org/publicdomain/zero/1.0/legalcode","","","","","","","","","","","ac:GoodQuality","","",""
"https://medialib.naturalis.nl/file/id/RMNH.AVES.126199_1/format/large","","","","","","","","","","","","","","","","","","image/jpeg","","","","","","","","","","","","https://doi.org/TEST/C2T-FKE-3CN","StillImage","","","","","","","","2025-06-04T14:08:35.087Z","","null","null","","","","","","","http://creativecommons.org/publicdomain/zero/1.0/legalcode","","","","","","","","","","","ac:GoodQuality","","",""
"https://medialib.naturalis.nl/file/id/RMNH.AVES.149027_1/format/large","","","","","","","","","","","","","","","","","","image/jpeg","","","","","","","","","","","","https://doi.org/TEST/C1N-HSS-NX8","StillImage","","","","","","","","2025-06-04T14:08:31.019Z","","null","null","","","","","","","http://creativecommons.org/publicdomain/zero/1.0/legalcode","","","","","","","","","","","ac:GoodQuality","","",""
"https://medialib.naturalis.nl/file/id/RMNH.AVES.100019_2/format/large","","","","","","","","","","","","","","","","","","image/jpeg","","","","","","","","","","","","https://doi.org/TEST/BTX-RY8-12V","StillImage","","","","","","","","2025-06-04T14:09:23.881Z","","null","null","","","","","","","http://creativecommons.org/publicdomain/zero/1.0/legalcode","","","","","","","","","","","ac:GoodQuality","","",""
"https://medialib.naturalis.nl/file/id/RMNH.AVES.150844_2/format/large","","","","","","","","","","","","","","","","","","image/jpeg","","","","","","","","","","","","https://doi.org/TEST/BQR-G85-EPZ","StillImage","","","","","","","","2025-06-04T14:09:11.409Z","","null","null","","","","","","","http://creativecommons.org/publicdomain/zero/1.0/legalcode","","","","","","","","","","","ac:GoodQuality","","",""
"https://medialib.naturalis.nl/file/id/RMNH.AVES.92316_1/format/large","","","","","","","","","","","","","","","","","","image/jpeg","","","","","","","","","","","","https://doi.org/TEST/BL3-PCX-JT1","StillImage","","","","","","","","2025-06-04T14:08:33.404Z","","null","null","","","","","","","http://creativecommons.org/publicdomain/zero/1.0/legalcode","","","","","","","","","","","ac:GoodQuality","","",""
"https://medialib.naturalis.nl/file/id/RMNH.AVES.54388_2/format/large","","","","","","","","","","","","","","","","","","image/jpeg","","","","","","","","","","","","https://doi.org/TEST/BDA-G0Y-KXL","StillImage","","","","","","","","2025-06-04T14:08:18.532Z","","null","null","","","","","","","http://creativecommons.org/publicdomain/zero/1.0/legalcode","","","","","","","","","","","ac:GoodQuality","","",""
"https://medialib.naturalis.nl/file/id/RMNH.AVES.121385_2/format/large","","","","","","","","","","","","","","","","","","image/jpeg","","","","","","","","","","","","https://doi.org/TEST/BBD-F6H-SCH","StillImage","","","","","","","","2025-06-04T14:08:48.414Z","","null","null","","","","","","","http://creativecommons.org/publicdomain/zero/1.0/legalcode","","","","","","","","","","","ac:GoodQuality","","",""
"https://medialib.naturalis.nl/file/id/RMNH.AVES.121703_2/format/large","","","","","","","","","","","","","","","","","","image/jpeg","","","","","","","","","","","","https://doi.org/TEST/BA8-9X8-FDC","StillImage","","","","","","","","2025-06-04T14:08:02.308Z","","null","null","","","","","","","http://creativecommons.org/publicdomain/zero/1.0/legalcode","","","","","","","","","","","ac:GoodQuality","","",""
"https://medialib.naturalis.nl/file/id/RMNH.AVES.92316_2/format/large","","","","","","","","","","","","","","","","","","image/jpeg","","","","","","","","","","","","https://doi.org/TEST/B2Q-KCT-36K","StillImage","","","","","","","","2025-06-04T14:08:33.404Z","","null","null","","","","","","","http://creativecommons.org/publicdomain/zero/1.0/legalcode","","","","","","","","","","","ac:GoodQuality","","",""
"https://medialib.naturalis.nl/file/id/RMNH.AVES.33281_2/format/large","","","","","","","","","","","","","","","","","","image/jpeg","","","","","","","","","","","","https://doi.org/TEST/AQH-39R-07T","StillImage","","","","","","","","2025-06-04T14:09:39.249Z","","null","null","","","","","","","http://creativecommons.org/publicdomain/zero/1.0/legalcode","","","","","","","","","","","ac:GoodQuality","","",""
"https://medialib.naturalis.nl/file/id/RMNH.AVES.18560_2/format/large","","","","","","","","","","","","","","","","","","image/jpeg","","","","","","","","","","","","https://doi.org/TEST/9GP-07X-Q2M","StillImage","","","","","","","","2025-06-04T14:09:33.957Z","","null","null","","","","","","","http://creativecommons.org/publicdomain/zero/1.0/legalcode","","","","","","","","","","","ac:GoodQuality","","",""
"https://medialib.naturalis.nl/file/id/RMNH.AVES.59634_1/format/large","","","","","","","","","","","","","","","","","","image/jpeg","","","","","","","","","","","","https://doi.org/TEST/945-VP0-BPR","StillImage","","","","","","","","2025-06-04T14:08:06.703Z","","null","null","","","","","","","http://creativecommons.org/publicdomain/zero/1.0/legalcode","","","","","","","","","","","ac:GoodQuality","","",""
"https://medialib.naturalis.nl/file/id/RMNH.AVES.120368_2/format/large","","","","","","","","","","","","","","","","","","image/jpeg","","","","","","","","","","","","https://doi.org/TEST/93M-DTF-54R","StillImage","","","","","","","","2025-06-04T14:08:30.498Z","","null","null","","","","","","","http://creativecommons.org/publicdomain/zero/1.0/legalcode","","","","","","","","","","","ac:GoodQuality","","",""
"https://medialib.naturalis.nl/file/id/RMNH.AVES.147655_1/format/large","","","","","","","","","","","","","","","","","","image/jpeg","","","","","","","","","","","","https://doi.org/TEST/90A-T97-RP5","StillImage","","","","","","","","2025-06-04T14:09:55.475Z","","null","null","","","","","","","http://creativecommons.org/publicdomain/zero/1.0/legalcode","","","","","","","","","","","ac:GoodQuality","","",""
"https://medialib.naturalis.nl/file/id/ZMA.AVES.13756/format/large","","","","","","","","","","","","","","","","","","image/jpeg","","","","","","","","","","","","https://doi.org/TEST/8PD-SD8-GQL","StillImage","","","","","","","","2025-06-04T14:08:33.596Z","","null","null","","","","","","","http://creativecommons.org/publicdomain/zero/1.0/legalcode","","","","","","","","","","","ac:GoodQuality","","",""
"https://medialib.naturalis.nl/file/id/RMNH.AVES.34528_2/format/large","","","","","","","","","","","","","","","","","","image/jpeg","","","","","","","","","","","","https://doi.org/TEST/8NF-ARN-J90","StillImage","","","","","","","","2025-06-04T14:09:48.090Z","","null","null","","","","","","","http://creativecommons.org/publicdomain/zero/1.0/legalcode","","","","","","","","","","","ac:GoodQuality","","",""
"https://medialib.naturalis.nl/file/id/RMNH.AVES.38413_1/format/large","","","","","","","","","","","","","","","","","","image/jpeg","","","","","","","","","","","","https://doi.org/TEST/8BA-CTF-LGC","StillImage","","","","","","","","2025-06-04T14:08:37.020Z","","null","null","","","","","","","http://creativecommons.org/publicdomain/zero/1.0/legalcode","","","","","","","","","","","ac:GoodQuality","","",""
"https://medialib.naturalis.nl/file/id/RMNH.AVES.89179_ant/format/large","","","","","","","","","","","","","","","","","","image/jpeg","","","","","","","","","","","","https://doi.org/TEST/7ZD-7Z4-2B1","StillImage","","","","","","","","2025-06-04T14:08:19.208Z","","null","null","","","","","","","http://creativecommons.org/publicdomain/zero/1.0/legalcode","","","","","","","","","","","ac:GoodQuality","","",""
"https://medialib.naturalis.nl/file/id/RMNH.AVES.123109_2/format/large","","","","","","","","","","","","","","","","","","image/jpeg","","","","","","","","","","","","https://doi.org/TEST/79N-AAW-0RV","StillImage","","","","","","","","2025-06-04T14:08:44.003Z","","null","null","","","","","","","http://creativecommons.org/publicdomain/zero/1.0/legalcode","","","","","","","","","","","ac:GoodQuality","","",""
"https://medialib.naturalis.nl/file/id/RMNH.AVES.135228_2/format/large","","","","","","","","","","","","","","","","","","image/jpeg","","","","","","","","","","","","https://doi.org/TEST/719-17N-65H","StillImage","","","","","","","","2025-06-04T14:08:44.226Z","","null","null","","","","","","","http://creativecommons.org/publicdomain/zero/1.0/legalcode","","","","","","","","","","","ac:GoodQuality","","",""
"https://medialib.naturalis.nl/file/id/RMNH.AVES.146776_1/format/large","","","","","","","","","","","","","","","","","","image/jpeg","","","","","","","","","","","","https://doi.org/TEST/6VC-FYD-7MY","StillImage","","","","","","","","2025-06-04T14:09:06.890Z","","null","null","","","","","","","http://creativecommons.org/publicdomain/zero/1.0/legalcode","","","","","","","","","","","ac:GoodQuality","","",""
"https://medialib.naturalis.nl/file/id/RMNH.AVES.54129_1/format/large","","","","","","","","","","","","","","","","","","image/jpeg","","","","","","","","","","","","https://doi.org/TEST/6M7-HX2-T6X","StillImage","","","","","","","","2025-06-04T14:09:26.272Z","","null","null","","","","","","","http://creativecommons.org/publicdomain/zero/1.0/legalcode","","","","","","","","","","","ac:GoodQuality","","",""
"https://medialib.naturalis.nl/file/id/RMNH.AVES.146315_1/format/large","","","","","","","","","","","","","","","","","","image/jpeg","","","","","","","","","","","","https://doi.org/TEST/6H1-3T2-MHM","StillImage","","","","","","","","2025-06-04T14:10:04.336Z","","null","null","","","","","","","http://creativecommons.org/publicdomain/zero/1.0/legalcode","","","","","","","","","","","ac:GoodQuality","","",""
"https://medialib.naturalis.nl/file/id/RMNH.AVES.86161_2/format/large","","","","","","","","","","","","","","","","","","image/jpeg","","","","","","","","","","","","https://doi.org/TEST/682-3KR-RF5","StillImage","","","","","","","","2025-06-04T14:10:10.958Z","","null","null","","","","","","","http://creativecommons.org/publicdomain/zero/1.0/legalcode","","","","","","","","","","","ac:GoodQuality","","",""
"https://medialib.naturalis.nl/file/id/RMNH.AVES.127101_2/format/large","","","","","","","","","","","","","","","","","","image/jpeg","","","","","","","","","","","","https://doi.org/TEST/62G-NFS-CYH","StillImage","","","","","","","","2025-06-04T14:09:59.549Z","","null","null","","","","","","","http://creativecommons.org/publicdomain/zero/1.0/legalcode","","","","","","","","","","","ac:GoodQuality","","",""
"https://medialib.naturalis.nl/file/id/RMNH.AVES.123823_2/format/large","","","","","","","","","","","","","","","","","","image/jpeg","","","","","","","","","","","","https://doi.org/TEST/5V0-92W-FRT","StillImage","","","","","","","","2025-06-04T14:08:44.016Z","","null","null","","","","","","","http://creativecommons.org/publicdomain/zero/1.0/legalcode","","","","","","","","","","","ac:GoodQuality","","",""
"https://medialib.naturalis.nl/file/id/RMNH.AVES.154818_2/format/large","","","","","","","","","","","","","","","","","","image/jpeg","","","","","","","","","","","","https://doi.org/TEST/5G7-DEK-H88","StillImage","","","","","","","","2025-06-04T14:08:44.586Z","","null","null","","","","","","","http://creativecommons.org/publicdomain/zero/1.0/legalcode","","","","","","","","","","","ac:GoodQuality","","",""
"https://medialib.naturalis.nl/file/id/RMNH.AVES.56764_2/format/large","","","","","","","","","","","","","","","","","","image/jpeg","","","","","","","","","","","","https://doi.org/TEST/5FZ-AJE-GQ2","StillImage","","","","","","","","2025-06-04T14:08:28.368Z","","null","null","","","","","","","http://creativecommons.org/publicdomain/zero/1.0/legalcode","","","","","","","","","","","ac:GoodQuality","","",""
"https://medialib.naturalis.nl/file/id/RMNH.5092347.a_ven/format/large","","","","","","","","","","","","","","","","","","image/jpeg","","","","","","","","","","","","https://doi.org/TEST/5BK-Q82-5L9","StillImage","","","","","","","","2025-06-04T14:08:34.851Z","","null","null","","","","","","","http://creativecommons.org/publicdomain/zero/1.0/legalcode","","","","","","","","","","","ac:GoodQuality","","",""
"https://medialib.naturalis.nl/file/id/RMNH.AVES.259833_egg1/format/large","","","","","","","","","","","","","","","","","","image/jpeg","","","","","","","","","","","","https://doi.org/TEST/5AJ-3ER-NRS","StillImage","","","","","","","","2025-06-04T14:09:39.133Z","","null","null","","","","","","","http://creativecommons.org/publicdomain/zero/1.0/legalcode","","","","","","","","","","","ac:GoodQuality","","",""
"https://medialib.naturalis.nl/file/id/RMNH.AVES.93191_1/format/large","","","","","","","","","","","","","","","","","","image/jpeg","","","","","","","","","","","","https://doi.org/TEST/55M-VJ5-2TS","StillImage","","","","","","","","2025-06-04T14:09:53.450Z","","null","null","","","","","","","http://creativecommons.org/publicdomain/zero/1.0/legalcode","","","","","","","","","","","ac:GoodQuality","","",""
"https://medialib.naturalis.nl/file/id/RMNH.AVES.153661_1/format/large","","","","","","","","","","","","","","","","","","image/jpeg","","","","","","","","","","","","https://doi.org/TEST/4WV-XXH-WQ9","StillImage","","","","","","","","2025-06-04T14:08:53.583Z","","null","null","","","","","","","http://creativecommons.org/publicdomain/zero/1.0/legalcode","","","","","","","","","","","ac:GoodQuality","","",""
"https://medialib.naturalis.nl/file/id/RMNH.AVES.126748_1/format/large","","","","","","","","","","","","","","","","","","image/jpeg","","","","","","","","","","","","https://doi.org/TEST/4WT-790-VPW","StillImage","","","","","","","","2025-06-04T14:08:21.312Z","","null","null","","","","","","","http://creativecommons.org/publicdomain/zero/1.0/legalcode","","","","","","","","","","","ac:GoodQuality","","",""
"https://medialib.naturalis.nl/file/id/RMNH.AVES.58046_2/format/large","","","","","","","","","","","","","","","","","","image/jpeg","","","","","","","","","","","","https://doi.org/TEST/4W2-6KH-KEH","StillImage","","","","","","","","2025-06-04T14:08:46.316Z","","null","null","","","","","","","http://creativecommons.org/publicdomain/zero/1.0/legalcode","","","","","","","","","","","ac:GoodQuality","","",""
"https://medialib.naturalis.nl/file/id/RMNH.AVES.48135_2/format/large","","","","","","","","","","","","","","","","","","image/jpeg","","","","","","","","","","","","https://doi.org/TEST/4V3-5HC-W5H","StillImage","","","","","","","","2025-06-04T14:08:37.159Z","","null","null","","","","","","","http://creativecommons.org/publicdomain/zero/1.0/legalcode","","","","","","","","","","","ac:GoodQuality","","",""
"https://medialib.naturalis.nl/file/id/RMNH.AVES.89301_lat/format/large","","","","","","","","","","","","","","","","","","image/jpeg","","","","","","","","","","","","https://doi.org/TEST/4NK-VSY-ZY0","StillImage","","","","","","","","2025-06-04T14:08:46.774Z","","null","null","","","","","","","http://creativecommons.org/publicdomain/zero/1.0/legalcode","","","","","","","","","","","ac:GoodQuality","","",""
"https://medialib.naturalis.nl/file/id/RMNH.AVES.89179_lat_left/format/large","","","","","","","","","","","","","","","","","","image/jpeg","","","","","","","","","","","","https://doi.org/TEST/4HD-67P-ZWT","StillImage","","","","","","","","2025-06-04T14:08:19.208Z","","null","null","","","","","","","http://creativecommons.org/publicdomain/zero/1.0/legalcode","","","","","","","","","","","ac:GoodQuality","","",""
"https://medialib.naturalis.nl/file/id/RMNH.AVES.64307_2/format/large","","","","","","","","","","","","","","","","","","image/jpeg","","","","","","","","","","","","https://doi.org/TEST/4F7-ZMY-F7N","StillImage","","","","","","","","2025-06-04T14:10:15.082Z","","null","null","","","","","","","http://creativecommons.org/publicdomain/zero/1.0/legalcode","","","","","","","","","","","ac:GoodQuality","","",""
"https://medialib.naturalis.nl/file/id/RMNH.AVES.259161_2/format/large","","","","","","","","","","","","","","","","","","image/jpeg","","","","","","","","","","","","https://doi.org/TEST/4CZ-06N-TFM","StillImage","","","","","","","","2025-06-04T14:09:17.157Z","","null","null","","","","","","","http://creativecommons.org/publicdomain/zero/1.0/legalcode","","","","","","","","","","","ac:GoodQuality","","",""
"https://medialib.naturalis.nl/file/id/RMNH.AVES.126660_2/format/large","","","","","","","","","","","","","","","","","","image/jpeg","","","","","","","","","","","","https://doi.org/TEST/4BF-7YB-KTF","StillImage","","","","","","","","2025-06-04T14:08:44.070Z","","null","null","","","","","","","http://creativecommons.org/publicdomain/zero/1.0/legalcode","","","","","","","","","","","ac:GoodQuality","","",""
"https://medialib.naturalis.nl/file/id/RMNH.AVES.147655_2/format/large","","","","","","","","","","","","","","","","","","image/jpeg","","","","","","","","","","","","https://doi.org/TEST/49E-MNV-HWM","StillImage","","","","","","","","2025-06-04T14:09:55.475Z","","null","null","","","","","","","http://creativecommons.org/publicdomain/zero/1.0/legalcode","","","","","","","","","","","ac:GoodQuality","","",""
"https://medialib.naturalis.nl/file/id/RMNH.AVES.132593_2/format/large","","","","","","","","","","","","","","","","","","image/jpeg","","","","","","","","","","","","https://doi.org/TEST/452-5DY-KXH","StillImage","","","","","","","","2025-06-04T14:09:28.721Z","","null","null","","","","","","","http://creativecommons.org/publicdomain/zero/1.0/legalcode","","","","","","","","","","","ac:GoodQuality","","",""
"https://medialib.naturalis.nl/file/id/RMNH.AVES.259619_egg1/format/large","","","","","","","","","","","","","","","","","","image/jpeg","","","","","","","","","","","","https://doi.org/TEST/433-TQJ-HAV","StillImage","","","","","","","","2025-06-04T14:09:08.190Z","","null","null","","","","","","","http://creativecommons.org/publicdomain/zero/1.0/legalcode","","","","","","","","","","","ac:GoodQuality","","",""
"https://medialib.naturalis.nl/file/id/RMNH.5092347.a_lat/format/large","","","","","","","","","","","","","","","","","","image/jpeg","","","","","","","","","","","","https://doi.org/TEST/3TL-Q71-GD5","StillImage","","","","","","","","2025-06-04T14:08:34.851Z","","null","null","","","","","","","http://creativecommons.org/publicdomain/zero/1.0/legalcode","","","","","","","","","","","ac:GoodQuality","","",""
"https://medialib.naturalis.nl/file/id/RMNH.AVES.18560_1/format/large","","","","","","","","","","","","","","","","","","image/jpeg","","","","","","","","","","","","https://doi.org/TEST/3DG-ZML-6BW","StillImage","","","","","","","","2025-06-04T14:09:33.957Z","","null","null","","","","","","","http://creativecommons.org/publicdomain/zero/1.0/legalcode","","","","","","","","","","","ac:GoodQuality","","",""
"https://medialib.naturalis.nl/file/id/RMNH.AVES.149027_2/format/large","","","","","","","","","","","","","","","","","","image/jpeg","","","","","","","","","","","","https://doi.org/TEST/2XL-XRK-1CL","StillImage","","","","","","","","2025-06-04T14:08:31.019Z","","null","null","","","","","","","http://creativecommons.org/publicdomain/zero/1.0/legalcode","","","","","","","","","","","ac:GoodQuality","","",""
"https://medialib.naturalis.nl/file/id/RMNH.AVES.121916_2/format/large","","","","","","","","","","","","","","","","","","image/jpeg","","","","","","","","","","","","https://doi.org/TEST/2TC-P1Z-GH4","StillImage","","","","","","","","2025-06-04T14:09:10.854Z","","null","null","","","","","","","http://creativecommons.org/publicdomain/zero/1.0/legalcode","","","","","","","","","","","ac:GoodQuality","","",""
"https://medialib.naturalis.nl/file/id/RMNH.AVES.33334_1/format/large","","","","","","","","","","","","","","","","","","image/jpeg","","","","","","","","","","","","https://doi.org/TEST/2LQ-NVX-XCG","StillImage","","","","","","","","2025-06-04T14:09:39.250Z","","null","null","","","","","","","http://creativecommons.org/publicdomain/zero/1.0/legalcode","","","","","","","","","","","ac:GoodQuality","","",""
"https://medialib.naturalis.nl/file/id/RMNH.AVES.126748_2/format/large","","","","","","","","","","","","","","","","","","image/jpeg","","","","","","","","","","","","https://doi.org/TEST/2AP-M63-5SX","StillImage","","","","","","","","2025-06-04T14:08:21.312Z","","null","null","","","","","","","http://creativecommons.org/publicdomain/zero/1.0/legalcode","","","","","","","","","","","ac:GoodQuality","","",""
"https://medialib.naturalis.nl/file/id/RMNH.AVES.123109_1/format/large","","","","","","","","","","","","","","","","","","image/jpeg","","","","","","","","","","","","https://doi.org/TEST/27N-V8S-PBF","StillImage","","","","","","","","2025-06-04T14:08:44.003Z","","null","null","","","","","","","http://creativecommons.org/publicdomain/zero/1.0/legalcode","","","","","","","","","","","ac:GoodQuality","","",""
"https://medialib.naturalis.nl/file/id/RMNH.AVES.86161_1/format/large","","","","","","","","","","","","","","","","","","image/jpeg","","","","","","","","","","","","https://doi.org/TEST/22D-7MM-2WG","StillImage","","","","","","","","2025-06-04T14:10:10.958Z","","null","null","","","","","","","http://creativecommons.org/publicdomain/zero/1.0/legalcode","","","","","","","","","","","ac:GoodQuality","","",""
"https://medialib.naturalis.nl/file/id/RMNH.AVES.140023_2/format/large","","","","","","","","","","","","","","","","","","image/jpeg","","","","","","","","","","","","https://doi.org/TEST/1Z3-ZFY-RNG","StillImage","","","","","","","","2025-06-04T14:09:46.467Z","","null","null","","","","","","","http://creativecommons.org/publicdomain/zero/1.0/legalcode","","","","","","","","","","","ac:GoodQuality","","",""
"https://medialib.naturalis.nl/file/id/RMNH.AVES.161316_2/format/large","","","","","","","","","","","","","","","","","","image/jpeg","","","","","","","","","","","","https://doi.org/TEST/1VX-YG4-C4A","StillImage","","","","","","","","2025-06-04T14:08:10.608Z","","null","null","","","","","","","http://creativecommons.org/publicdomain/zero/1.0/legalcode","","","","","","","","","","","ac:GoodQuality","","",""
"https://medialib.naturalis.nl/file/id/RMNH.AVES.58274_1/format/large","","","","","","","","","","","","","","","","","","image/jpeg","","","","","","","","","","","","https://doi.org/TEST/1K8-D87-EKB","StillImage","","","","","","","","2025-06-04T14:08:32.883Z","","null","null","","","","","","","http://creativecommons.org/publicdomain/zero/1.0/legalcode","","","","","","","","","","","ac:GoodQuality","","",""
"https://medialib.naturalis.nl/file/id/RMNH.AVES.72441_1/format/large","","","","","","","","","","","","","","","","","","image/jpeg","","","","","","","","","","","","https://doi.org/TEST/1F5-XVS-6YR","StillImage","","","","","","","","2025-06-04T14:09:57.511Z","","null","null","","","","","","","http://creativecommons.org/publicdomain/zero/1.0/legalcode","","","","","","","","","","","ac:GoodQuality","","",""
"https://medialib.naturalis.nl/file/id/RMNH.AVES.131995_2/format/large","","","","","","","","","","","","","","","","","","image/jpeg","","","","","","","","","","","","https://doi.org/TEST/17E-0PL-S43","StillImage","","","","","","","","2025-06-04T14:08:30.706Z","","null","null","","","","","","","http://creativecommons.org/publicdomain/zero/1.0/legalcode","","","","","","","","","","","ac:GoodQuality","","",""
"https://medialib.naturalis.nl/file/id/RMNH.AVES.132918_2/format/large","","","","","","","","","","","","","","","","","","image/jpeg","","","","","","","","","","","","https://doi.org/TEST/12F-4C7-1KA","StillImage","","","","","","","","2025-06-04T14:09:41.984Z","","null","null","","","","","","","http://creativecommons.org/publicdomain/zero/1.0/legalcode","","","","","","","","","","","ac:GoodQuality","","",""
"https://medialib.naturalis.nl/file/id/RMNH.AVES.97775_2/format/large","","","","","","","","","","","","","","","","","","image/jpeg","","","","","","","","","","","","https://doi.org/TEST/10A-3EA-FHS","StillImage","","","","","","","","2025-06-04T14:10:15.572Z","","null","null","","","","","","","http://creativecommons.org/publicdomain/zero/1.0/legalcode","","","","","","","","","","","ac:GoodQuality","","",""
"https://medialib.naturalis.nl/file/id/RMNH.AVES.64307_1/format/large","","","","","","","","","","","","","","","","","","image/jpeg","","","","","","","","","","","","https://doi.org/TEST/0ZC-DFV-J8T","StillImage","","","","","","","","2025-06-04T14:10:15.082Z","","null","null","","","","","","","http://creativecommons.org/publicdomain/zero/1.0/legalcode","","","","","","","","","","","ac:GoodQuality","","",""
"https://medialib.naturalis.nl/file/id/RMNH.AVES.150844_1/format/large","","","","","","","","","","","","","","","","","","image/jpeg","","","","","","","","","","","","https://doi.org/TEST/05V-8BB-SEQ","StillImage","","","","","","","","2025-06-04T14:09:11.409Z","","null","null","","","","","","","http://creativecommons.org/publicdomain/zero/1.0/legalcode","","","","","","","","","","","ac:GoodQuality","","",""
"https://medialib.naturalis.nl/file/id/RMNH.AVES.143308_1/format/large","","","","","","","","","","","","","","","","","","image/jpeg","","","","","","","","","","","","https://doi.org/TEST/012-HC1-FZR","StillImage","","","","","","","","2025-06-04T14:08:30.912Z","","null","null","","","","","","","http://creativecommons.org/publicdomain/zero/1.0/legalcode","","","","","","","","","","","ac:GoodQuality","","",""
